city,latitude,longitude,date,weather_code,temperature_max,temperature_min,precipitation_sum,precipitation_probability,wind_speed_max,wind_gusts_max,temperature_category,precipitation_category,wind_category,risk_score,risk_level
Casablanca,33.5992,-7.62,2026-09-15,45,28.7,21.7,0.0,0,11.0,31.0,Normal,No Rain,Moderate,11.4,Very Low
Casablanca,33.5992,-7.62,2026-09-16,45,25.9,21.0,0.0,0,14.0,36.4,Normal,No Rain,Moderate,11.4,Very Low
Tangier,35.7767,-5.8039000000000005,2026-09-15,0,30.2,21.5,0.0,0,13.2,31.3,Hot,No Rain,Moderate,9.9,Very Low
Tangier,35.7767,-5.8039000000000005,2026-09-16,3,26.7,18.2,0.0,0,19.0,44.6,Normal,No Rain,Moderate,6.4,Very Low
Fès,34.0433,-5.0033,2026-09-15,1,34.5,23.8,0.0,0,14.7,37.8,Hot,No Rain,Moderate,10.9,Very Low
Fès,34.0433,-5.0033,2026-09-16,1,31.1,20.7,0.0,0,16.9,40.7,Hot,No Rain,Moderate,10.9,Very Low
Marrakech,31.6295,-7.9811,2026-09-15,3,37.1,25.6,0.0,3,11.9,39.6,Extreme Heat,No Rain,Moderate,17.215,Very Low
Marrakech,31.6295,-7.9811,2026-09-16,0,34.6,21.7,0.0,0,12.7,34.6,Hot,No Rain,Moderate,9.9,Very Low
Sale,34.05,-6.8167,2026-09-15,45,28.1,21.6,0.0,0,12.1,31.7,Normal,No Rain,Moderate,11.4,Very Low
Sale,34.05,-6.8167,2026-09-16,3,26.1,20.8,0.0,0,15.0,37.4,Normal,No Rain,Moderate,6.4,Very Low
Meknès,33.8833,-5.55,2026-09-15,2,33.4,21.8,0.0,0,16.1,41.4,Hot,No Rain,Moderate,10.9,Very Low
Meknès,33.8833,-5.55,2026-09-16,2,30.0,18.8,0.0,0,16.1,40.0,Normal,No Rain,Moderate,10.9,Very Low
Rabat,34.0211,-6.8414,2026-09-15,45,28.1,21.6,0.0,0,12.1,31.7,Normal,No Rain,Moderate,11.4,Very Low
Rabat,34.0211,-6.8414,2026-09-16,3,26.2,20.9,0.0,0,15.0,37.4,Normal,No Rain,Moderate,6.4,Very Low
Agadir,30.4214,-9.5831,2026-09-15,3,35.6,27.5,0.0,5,10.8,34.9,Extreme Heat,No Rain,Moderate,17.424999999999997,Very Low
Agadir,30.4214,-9.5831,2026-09-16,1,38.1,23.9,0.0,0,20.4,49.0,Extreme Heat,No Rain,Moderate,20.5,Low
Kenitra,34.25,-6.5833,2026-09-15,45,29.0,21.2,0.0,0,13.2,33.1,Normal,No Rain,Moderate,11.4,Very Low
Kenitra,34.25,-6.5833,2026-09-16,2,26.9,20.8,0.0,0,16.3,40.3,Normal,No Rain,Moderate,6.4,Very Low
Oujda-Angad,34.6867,-1.9114,2026-09-15,3,30.9,16.2,0.0,0,17.8,37.4,Hot,No Rain,Moderate,10.9,Very Low
Oujda-Angad,34.6867,-1.9114,2026-09-16,0,32.2,15.8,0.0,0,19.1,39.6,Hot,No Rain,Moderate,9.9,Very Low
Tétouan,35.5667,-5.3667,2026-09-15,2,29.2,21.2,0.0,0,12.2,32.0,Normal,No Rain,Moderate,6.4,Very Low
Tétouan,35.5667,-5.3667,2026-09-16,2,33.4,19.7,0.0,0,25.8,59.8,Hot,No Rain,Strong,21.7,Low
Safi,32.2833,-9.2333,2026-09-15,3,33.8,22.8,0.0,0,22.8,42.5,Hot,No Rain,Moderate,14.5,Very Low
Safi,32.2833,-9.2333,2026-09-16,2,27.5,20.8,0.0,0,27.5,49.7,Normal,No Rain,Moderate,10.0,Very Low
Taourirt,34.41,-2.89,2026-09-15,3,32.3,19.0,0.0,0,23.0,37.1,Hot,No Rain,Moderate,14.5,Very Low
Taourirt,34.41,-2.89,2026-09-16,1,34.4,18.9,0.0,0,22.9,36.7,Hot,No Rain,Moderate,14.5,Very Low
Temara,33.9234,-6.9076,2026-09-15,45,28.1,21.4,0.0,0,11.6,31.7,Normal,No Rain,Moderate,11.4,Very Low
Temara,33.9234,-6.9076,2026-09-16,2,25.9,20.3,0.0,0,15.5,39.2,Normal,No Rain,Moderate,6.4,Very Low
Laâyoune,27.15,-13.2,2026-09-15,0,40.5,25.1,0.0,0,25.3,49.3,Extreme Heat,No Rain,Moderate,24.0,Low
Laâyoune,27.15,-13.2,2026-09-16,0,36.1,21.7,0.0,0,26.3,51.1,Extreme Heat,No Rain,Moderate,26.7,Low
El Jadid,33.2566,-8.5025,2026-09-15,45,26.6,21.5,0.0,0,17.1,30.6,Normal,No Rain,Moderate,11.4,Very Low
El Jadid,33.2566,-8.5025,2026-09-16,2,24.9,21.0,0.0,0,19.1,33.5,Normal,No Rain,Moderate,6.4,Very Low
Ait Melloul,30.3342,-9.4972,2026-09-15,3,36.8,25.6,0.0,8,17.0,34.2,Extreme Heat,No Rain,Moderate,17.74,Very Low
Ait Melloul,30.3342,-9.4972,2026-09-16,2,30.3,21.6,0.0,0,19.1,35.6,Hot,No Rain,Moderate,10.9,Very Low
Béni Mellal,32.3394,-6.3608,2026-09-15,3,36.5,25.9,0.0,5,21.9,44.6,Extreme Heat,No Rain,Moderate,21.025,Low
Béni Mellal,32.3394,-6.3608,2026-09-16,0,32.8,21.8,0.0,0,17.3,36.0,Hot,No Rain,Moderate,9.9,Very Low
Bouskoura,33.4489,-7.6486,2026-09-15,45,32.6,21.0,0.0,0,15.3,37.1,Hot,No Rain,Moderate,15.9,Very Low
Bouskoura,33.4489,-7.6486,2026-09-16,45,27.0,19.7,0.0,0,15.9,39.2,Normal,No Rain,Moderate,11.4,Very Low
Tiznit,29.7,-9.7269,2026-09-15,1,36.3,26.7,0.0,0,21.7,34.9,Extreme Heat,No Rain,Moderate,20.5,Low
Tiznit,29.7,-9.7269,2026-09-16,1,32.2,22.1,0.0,0,21.7,35.6,Hot,No Rain,Moderate,14.5,Very Low
Mohammedia,33.6833,-7.3833,2026-09-15,45,27.5,21.2,0.0,0,12.6,29.9,Normal,No Rain,Moderate,6.0,Very Low
Mohammedia,33.6833,-7.3833,2026-09-16,2,25.7,20.8,0.0,0,15.6,37.4,Normal,No Rain,Moderate,6.4,Very Low
Kouribga,32.88,-6.9,2026-09-15,3,34.6,22.7,0.0,3,24.9,49.0,Hot,No Rain,Moderate,14.815,Very Low
Kouribga,32.88,-6.9,2026-09-16,2,31.0,17.4,0.0,0,18.9,36.4,Hot,No Rain,Moderate,10.9,Very Low
Settat,33.0023,-7.6198,2026-09-15,2,36.0,23.3,0.0,0,24.2,51.1,Extreme Heat,No Rain,Moderate,27.7,Low
Settat,33.0023,-7.6198,2026-09-16,2,29.6,19.3,0.0,0,19.0,39.2,Normal,No Rain,Moderate,6.4,Very Low
Barrechid,33.27,-7.5872,2026-09-15,2,35.7,21.4,0.0,0,22.4,40.0,Extreme Heat,No Rain,Moderate,20.5,Low
Barrechid,33.27,-7.5872,2026-09-16,45,29.0,19.1,0.0,0,19.7,35.3,Normal,No Rain,Moderate,11.4,Very Low
Ad Dakhla,23.7167,-15.95,2026-09-15,1,24.8,21.7,0.0,12,36.0,45.0,Normal,No Rain,Strong,11.26,Very Low
Ad Dakhla,23.7167,-15.95,2026-09-16,0,23.5,22.1,0.0,3,36.7,45.7,Normal,No Rain,Strong,9.315,Very Low
Nador,35.1667,-2.9333,2026-09-15,3,26.6,21.7,0.0,0,11.2,26.6,Normal,No Rain,Low,1.0,Very Low
Nador,35.1667,-2.9333,2026-09-16,2,29.9,21.8,0.0,0,10.5,26.3,Normal,No Rain,Low,1.0,Very Low
Taza,34.2144,-4.0088,2026-09-15,3,33.5,19.5,0.0,0,13.0,27.0,Hot,No Rain,Low,5.5,Very Low
Taza,34.2144,-4.0088,2026-09-16,2,30.8,21.0,0.0,0,24.1,49.7,Hot,No Rain,Moderate,14.5,Very Low
Inezgane,30.3658,-9.5381,2026-09-15,3,34.3,25.0,0.0,8,10.8,31.7,Hot,No Rain,Moderate,11.739999999999998,Very Low
Inezgane,30.3658,-9.5381,2026-09-16,1,32.7,21.3,0.0,0,12.3,33.1,Hot,No Rain,Moderate,10.9,Very Low
Larache,35.1833,-6.15,2026-09-15,0,30.4,19.4,0.0,0,24.9,45.7,Hot,No Rain,Moderate,13.5,Very Low
Larache,35.1833,-6.15,2026-09-16,45,27.4,18.5,0.0,0,16.9,32.4,Normal,No Rain,Moderate,11.4,Very Low
Al Khmissat,33.81,-6.06,2026-09-15,0,34.5,20.4,0.0,0,18.3,37.4,Hot,No Rain,Moderate,9.9,Very Low
Al Khmissat,33.81,-6.06,2026-09-16,1,30.7,18.0,0.0,0,19.2,38.9,Hot,No Rain,Moderate,10.9,Very Low
Guelmim,28.9833,-10.0667,2026-09-15,0,38.4,24.9,0.0,0,22.7,38.5,Extreme Heat,No Rain,Moderate,19.5,Very Low
Guelmim,28.9833,-10.0667,2026-09-16,0,36.2,20.5,0.0,0,33.1,54.0,Extreme Heat,No Rain,Strong,26.7,Low
Ksar El Kebir,35.0,-5.9,2026-09-15,45,37.0,20.9,0.0,0,26.0,53.6,Extreme Heat,No Rain,Moderate,32.7,Low
Ksar El Kebir,35.0,-5.9,2026-09-16,3,30.5,20.1,0.0,0,17.9,34.6,Hot,No Rain,Moderate,10.9,Very Low
Khénifra,32.93,-5.66,2026-09-15,3,35.1,20.1,0.0,3,19.4,37.1,Extreme Heat,No Rain,Moderate,17.215,Very Low
Khénifra,32.93,-5.66,2026-09-16,1,31.3,16.3,0.0,0,15.3,29.9,Hot,No Rain,Moderate,5.5,Very Low
Skhirate,33.85,-7.03,2026-09-15,45,26.5,21.2,0.0,0,12.3,27.7,Normal,No Rain,Low,6.0,Very Low
Skhirate,33.85,-7.03,2026-09-16,2,25.1,20.5,0.0,0,16.5,36.0,Normal,No Rain,Moderate,6.4,Very Low
Beni Yakhlef,33.6555,-7.3221,2026-09-15,45,30.6,20.2,0.0,0,17.2,31.7,Hot,No Rain,Moderate,15.9,Very Low
Beni Yakhlef,33.6555,-7.3221,2026-09-16,2,27.0,19.5,0.0,0,18.8,34.6,Normal,No Rain,Moderate,6.4,Very Low
Sidi Yahya Zaer,33.7105,-6.8831,2026-09-15,0,32.6,20.7,0.0,0,19.0,37.8,Hot,No Rain,Moderate,9.9,Very Low
Sidi Yahya Zaer,33.7105,-6.8831,2026-09-16,2,27.8,18.6,0.0,0,20.6,41.4,Normal,No Rain,Moderate,10.0,Very Low
Ben Guerir,32.23,-7.95,2026-09-15,3,37.2,24.5,0.0,3,22.7,44.6,Extreme Heat,No Rain,Moderate,20.815,Low
Ben Guerir,32.23,-7.95,2026-09-16,1,32.3,19.6,0.0,0,20.2,40.0,Hot,No Rain,Moderate,14.5,Very Low
Ait Ali,30.1739,-9.4881,2026-09-15,3,37.0,25.5,0.0,0,22.2,36.7,Extreme Heat,No Rain,Moderate,20.5,Low
Ait Ali,30.1739,-9.4881,2026-09-16,1,32.1,22.2,0.0,0,24.9,40.0,Hot,No Rain,Moderate,14.5,Very Low
My Drarga,30.3805,-9.4763,2026-09-15,3,36.7,25.9,0.0,8,13.9,30.2,Extreme Heat,No Rain,Moderate,17.74,Very Low
My Drarga,30.3805,-9.4763,2026-09-16,1,32.1,22.4,0.0,0,15.4,36.0,Hot,No Rain,Moderate,10.9,Very Low
Lqoliaa,30.2942,-9.4544,2026-09-15,3,38.0,25.7,0.0,3,19.9,42.1,Extreme Heat,No Rain,Moderate,17.215,Very Low
Lqoliaa,30.2942,-9.4544,2026-09-16,2,32.0,21.7,0.0,0,22.3,43.9,Hot,No Rain,Moderate,14.5,Very Low
El Kelaa des Srarhna,32.05,-7.4,2026-09-15,3,37.7,25.6,0.1,3,20.7,39.2,Extreme Heat,Light,Moderate,20.815,Low
El Kelaa des Srarhna,32.05,-7.4,2026-09-16,0,34.1,20.9,0.0,0,19.3,33.5,Hot,No Rain,Moderate,9.9,Very Low
Moulay Abdallah,33.1978,-8.5883,2026-09-15,45,28.7,21.7,0.0,0,20.6,32.4,Normal,No Rain,Moderate,15.0,Very Low
Moulay Abdallah,33.1978,-8.5883,2026-09-16,2,25.9,21.1,0.0,0,21.2,33.5,Normal,No Rain,Moderate,10.0,Very Low
Tiflet,33.9,-6.33,2026-09-15,0,33.6,22.2,0.0,0,18.4,37.4,Hot,No Rain,Moderate,9.9,Very Low
Tiflet,33.9,-6.33,2026-09-16,2,29.2,19.0,0.0,0,19.8,40.0,Normal,No Rain,Moderate,6.4,Very Low
Oulad Teïma,30.4,-9.21,2026-09-15,3,40.9,26.0,0.0,3,25.3,47.9,Extreme Heat,No Rain,Moderate,25.315,Low
Oulad Teïma,30.4,-9.21,2026-09-16,2,35.4,21.9,0.0,0,21.2,40.3,Extreme Heat,No Rain,Moderate,20.5,Low
Berkane,34.9167,-2.3167,2026-09-15,2,27.2,17.8,0.0,0,12.8,27.4,Normal,No Rain,Moderate,1.0,Very Low
Berkane,34.9167,-2.3167,2026-09-16,1,31.7,17.5,0.0,0,13.9,34.2,Hot,No Rain,Moderate,10.9,Very Low
Ain El Aouda,33.8111,-6.7922,2026-09-15,0,31.7,20.0,0.0,0,17.8,35.3,Hot,No Rain,Moderate,9.9,Very Low
Ain El Aouda,33.8111,-6.7922,2026-09-16,2,27.4,18.6,0.0,0,20.0,40.0,Normal,No Rain,Moderate,10.0,Very Low
Errachidia,31.9319,-4.4244,2026-09-15,3,34.8,24.3,0.1,23,29.2,56.9,Hot,Light,Strong,24.115,Low
Errachidia,31.9319,-4.4244,2026-09-16,3,32.8,21.4,0.0,3,20.9,41.0,Hot,No Rain,Moderate,14.815,Very Low
Al Fqih Ben Çalah,32.507,-6.6886,2026-09-15,2,39.2,22.6,0.0,3,19.1,36.7,Extreme Heat,No Rain,Moderate,17.215,Very Low
Al Fqih Ben Çalah,32.507,-6.6886,2026-09-16,0,35.2,19.2,0.0,0,17.7,34.6,Extreme Heat,No Rain,Moderate,15.9,Very Low
Ad Darwa,33.4167,-7.5333,2026-09-15,2,33.3,21.0,0.0,0,17.0,33.1,Hot,No Rain,Moderate,10.9,Very Low
Ad Darwa,33.4167,-7.5333,2026-09-16,45,27.7,19.4,0.0,0,17.2,33.8,Normal,No Rain,Moderate,11.4,Very Low
Martil,35.61,-5.27,2026-09-15,2,26.7,21.7,0.0,0,10.0,24.5,Normal,No Rain,Low,1.0,Very Low
Martil,35.61,-5.27,2026-09-16,1,32.7,21.2,0.0,0,29.0,65.5,Hot,No Rain,Strong,21.7,Low
Sidi Slimane,34.26,-5.93,2026-09-15,0,34.9,21.0,0.0,0,18.6,39.2,Hot,No Rain,Moderate,9.9,Very Low
Sidi Slimane,34.26,-5.93,2026-09-16,2,31.1,20.3,0.0,0,20.5,43.6,Hot,No Rain,Moderate,14.5,Very Low
Oued Zem,32.8619,-6.5711,2026-09-15,3,35.3,22.9,0.0,0,22.3,45.0,Extreme Heat,No Rain,Moderate,20.5,Low
Oued Zem,32.8619,-6.5711,2026-09-16,1,31.7,18.1,0.0,0,17.1,34.9,Hot,No Rain,Moderate,10.9,Very Low
Sefrou,33.83,-4.83,2026-09-15,2,32.4,23.6,0.0,0,17.6,38.5,Hot,No Rain,Moderate,10.9,Very Low
Sefrou,33.83,-4.83,2026-09-16,2,29.1,19.2,0.0,0,17.6,38.9,Normal,No Rain,Moderate,6.4,Very Low
Taroudannt,30.4711,-8.8778,2026-09-15,3,41.1,27.7,0.0,10,25.8,50.0,Extreme Heat,No Rain,Moderate,33.25,Low
Taroudannt,30.4711,-8.8778,2026-09-16,2,37.1,24.2,0.0,0,22.4,45.4,Extreme Heat,No Rain,Moderate,20.5,Low
Essaouira,31.513,-9.7687,2026-09-15,3,27.9,22.7,0.0,3,27.2,51.1,Normal,No Rain,Moderate,17.515,Very Low
Essaouira,31.513,-9.7687,2026-09-16,1,25.9,20.2,0.0,0,37.0,68.4,Normal,No Rain,Strong,17.2,Very Low
Azrou,33.4344,-5.2213,2026-09-15,2,29.7,17.6,0.0,0,19.8,42.5,Normal,No Rain,Moderate,6.4,Very Low
Azrou,33.4344,-5.2213,2026-09-16,1,26.1,14.2,0.0,0,16.2,40.7,Normal,No Rain,Moderate,9.4,Very Low
Guercif,34.23,-3.36,2026-09-15,3,33.5,18.9,0.0,0,23.7,43.6,Hot,No Rain,Moderate,14.5,Very Low
Guercif,34.23,-3.36,2026-09-16,1,34.5,19.3,0.0,3,25.7,45.7,Hot,No Rain,Moderate,14.815,Very Low
Warzat,30.9167,-6.9167000000000005,2026-09-15,3,32.2,21.9,0.0,8,21.4,40.0,Hot,No Rain,Moderate,15.34,Very Low
Warzat,30.9167,-6.9167000000000005,2026-09-16,1,33.3,18.0,0.0,3,23.1,40.3,Hot,No Rain,Moderate,14.815,Very Low
Fnidq,35.8414,-5.3587,2026-09-15,2,27.6,21.3,0.0,0,11.3,22.3,Normal,No Rain,Low,1.0,Very Low
Fnidq,35.8414,-5.3587,2026-09-16,1,30.0,21.3,0.0,0,31.8,60.5,Normal,No Rain,Strong,21.7,Low
Tan-Tan,28.4333,-11.1,2026-09-15,0,37.0,23.4,0.0,0,19.7,37.8,Extreme Heat,No Rain,Moderate,15.9,Very Low
Tan-Tan,28.4333,-11.1,2026-09-16,0,31.0,20.6,0.0,0,24.6,45.7,Hot,No Rain,Moderate,13.5,Very Low
Sidi Qacem,34.21,-5.7,2026-09-15,0,34.8,21.8,0.0,0,19.7,40.7,Hot,No Rain,Moderate,9.9,Very Low
Sidi Qacem,34.21,-5.7,2026-09-16,2,31.5,20.6,0.0,0,19.6,41.8,Hot,No Rain,Moderate,10.9,Very Low
M’diq,35.68,-5.32,2026-09-15,2,26.6,21.5,0.0,0,10.0,24.5,Normal,No Rain,Low,1.0,Very Low
M’diq,35.68,-5.32,2026-09-16,1,32.6,21.1,0.0,0,29.0,65.5,Hot,No Rain,Strong,21.7,Low
Youssoufia,32.25,-8.53,2026-09-15,3,37.4,24.6,0.0,3,24.1,49.7,Extreme Heat,No Rain,Moderate,20.815,Low
Youssoufia,32.25,-8.53,2026-09-16,1,31.4,19.7,0.0,0,20.6,41.8,Hot,No Rain,Moderate,14.5,Very Low
Midalt,32.68,-4.74,2026-09-15,3,30.0,18.2,0.0,8,23.4,41.8,Normal,No Rain,Moderate,15.34,Very Low
Midalt,32.68,-4.74,2026-09-16,2,27.0,17.0,0.0,0,21.4,38.5,Normal,No Rain,Moderate,10.0,Very Low
Aïn Harrouda,33.6372,-7.4483,2026-09-15,45,29.2,21.7,0.0,0,12.1,32.0,Normal,No Rain,Moderate,11.4,Very Low
Aïn Harrouda,33.6372,-7.4483,2026-09-16,45,26.4,20.6,0.0,0,15.2,37.4,Normal,No Rain,Moderate,11.4,Very Low
Souq Sebt Oulad Nemma,32.3,-6.7,2026-09-15,3,39.7,24.6,0.0,3,17.7,32.8,Extreme Heat,No Rain,Moderate,17.215,Very Low
Souq Sebt Oulad Nemma,32.3,-6.7,2026-09-16,1,35.4,20.4,0.0,0,15.3,26.6,Extreme Heat,No Rain,Moderate,11.5,Very Low
Mehdya,34.2557,-6.6745,2026-09-15,45,27.6,21.0,0.0,0,12.5,28.1,Normal,No Rain,Moderate,6.0,Very Low
Mehdya,34.2557,-6.6745,2026-09-16,3,26.5,21.0,0.0,0,16.3,36.4,Normal,No Rain,Moderate,6.4,Very Low
Ouezzane,34.8,-5.6,2026-09-15,1,35.3,19.8,0.0,0,21.7,44.6,Extreme Heat,No Rain,Moderate,20.5,Low
Ouezzane,34.8,-5.6,2026-09-16,3,30.4,17.3,0.0,0,17.6,34.6,Hot,No Rain,Moderate,10.9,Very Low
Semara,26.7394,-11.6703,2026-09-15,0,40.9,26.8,0.0,1,31.5,50.4,Extreme Heat,No Rain,Strong,31.305,Low
Semara,26.7394,-11.6703,2026-09-16,0,39.4,25.2,0.0,0,32.0,55.1,Extreme Heat,No Rain,Strong,26.7,Low
Ait Ourir,31.5644,-7.6628,2026-09-15,3,35.4,24.7,0.0,3,17.0,31.3,Extreme Heat,No Rain,Moderate,17.215,Very Low
Ait Ourir,31.5644,-7.6628,2026-09-16,1,32.7,19.9,0.0,0,14.9,28.1,Hot,No Rain,Moderate,5.5,Very Low
Oulad Tayeb,33.9598,-4.9954,2026-09-15,2,34.2,23.6,0.0,0,16.9,32.8,Hot,No Rain,Moderate,10.9,Very Low
Oulad Tayeb,33.9598,-4.9954,2026-09-16,1,30.9,21.0,0.0,0,16.7,31.7,Hot,No Rain,Moderate,10.9,Very Low
Tit Mellil,33.5533,-7.4822,2026-09-15,45,29.9,21.5,0.0,0,13.0,34.2,Normal,No Rain,Moderate,11.4,Very Low
Tit Mellil,33.5533,-7.4822,2026-09-16,45,26.3,20.2,0.0,0,14.9,38.2,Normal,No Rain,Moderate,11.4,Very Low
Sidi Bennour,32.655,-8.4292,2026-09-15,3,37.2,21.1,0.0,3,26.1,45.4,Extreme Heat,No Rain,Moderate,20.815,Low
Sidi Bennour,32.655,-8.4292,2026-09-16,2,30.2,18.5,0.0,0,22.7,39.2,Hot,No Rain,Moderate,14.5,Very Low
Temsia,30.3633,-9.4144,2026-09-15,3,38.9,26.1,0.0,3,19.1,40.7,Extreme Heat,No Rain,Moderate,17.215,Very Low
Temsia,30.3633,-9.4144,2026-09-16,2,31.9,22.3,0.0,0,17.1,37.4,Hot,No Rain,Moderate,10.9,Very Low
Biougra,30.2144,-9.3708,2026-09-15,2,38.6,26.6,0.0,3,22.9,40.3,Extreme Heat,No Rain,Moderate,20.815,Low
Biougra,30.2144,-9.3708,2026-09-16,1,33.7,23.1,0.0,0,29.4,49.0,Hot,No Rain,Moderate,14.5,Very Low
Al Hoceïma,35.2472,-3.9322,2026-09-15,45,26.4,20.2,0.0,0,11.3,20.2,Normal,No Rain,Low,6.0,Very Low
Al Hoceïma,35.2472,-3.9322,2026-09-16,3,28.7,19.9,0.0,0,13.0,25.2,Normal,No Rain,Low,1.0,Very Low
Qasbat Tadla,32.6,-6.26,2026-09-15,2,38.8,22.9,0.0,3,19.5,35.6,Extreme Heat,No Rain,Moderate,17.215,Very Low
Qasbat Tadla,32.6,-6.26,2026-09-16,0,34.3,18.7,0.0,0,14.6,27.7,Hot,No Rain,Moderate,4.5,Very Low
Aziylal,31.96,-6.5600000000000005,2026-09-15,3,30.4,19.7,0.1,5,22.9,49.3,Hot,Light,Moderate,15.025,Very Low
Aziylal,31.96,-6.5600000000000005,2026-09-16,0,26.6,16.0,0.0,0,18.8,39.2,Normal,No Rain,Moderate,5.4,Very Low
Boujad,32.7741,-6.3925,2026-09-15,3,36.8,23.7,0.0,3,21.2,38.5,Extreme Heat,No Rain,Moderate,20.815,Low
Boujad,32.7741,-6.3925,2026-09-16,1,32.6,18.5,0.0,0,16.7,31.3,Hot,No Rain,Moderate,10.9,Very Low
Al Aaroui,35.0104,-3.0073,2026-09-15,45,29.1,18.2,0.0,0,16.9,29.2,Normal,No Rain,Moderate,6.0,Very Low
Al Aaroui,35.0104,-3.0073,2026-09-16,3,32.9,18.0,0.0,0,15.9,27.4,Hot,No Rain,Moderate,5.5,Very Low
Mrirt,33.1654,-5.5634,2026-09-15,3,33.6,19.7,0.0,0,20.3,40.7,Hot,No Rain,Moderate,14.5,Very Low
Mrirt,33.1654,-5.5634,2026-09-16,3,30.0,14.7,0.0,0,18.5,37.1,Normal,No Rain,Moderate,10.9,Very Low
Tineghir,31.5147,-5.5328,2026-09-15,61,32.1,20.8,0.7000000000000001,38,42.1,66.6,Hot,Light,Strong,39.49,Low
Tineghir,31.5147,-5.5328,2026-09-16,2,31.4,18.3,0.0,5,32.6,51.5,Hot,No Rain,Strong,22.225,Low
Bouknadel,34.1766,-6.6893,2026-09-15,45,26.3,21.0,0.0,0,15.1,26.3,Normal,No Rain,Moderate,6.0,Very Low
Bouknadel,34.1766,-6.6893,2026-09-16,2,25.4,20.8,0.0,0,18.5,32.0,Normal,No Rain,Moderate,6.4,Very Low
Cabo Bojador,26.1269,-14.4992,2026-09-15,2,33.3,24.4,0.0,0,25.4,43.9,Hot,No Rain,Moderate,14.5,Very Low
Cabo Bojador,26.1269,-14.4992,2026-09-16,0,28.9,21.9,0.0,0,26.8,48.6,Normal,No Rain,Moderate,9.0,Very Low
Zagora,30.3316,-5.8376,2026-09-15,3,36.9,26.2,0.0,5,23.1,38.5,Extreme Heat,No Rain,Moderate,21.025,Low
Zagora,30.3316,-5.8376,2026-09-16,2,37.2,23.3,0.0,3,11.0,20.2,Extreme Heat,No Rain,Low,11.815,Very Low
Azemmour,33.2833,-8.3333,2026-09-15,45,28.8,21.1,0.0,0,17.9,32.8,Normal,No Rain,Moderate,11.4,Very Low
Azemmour,33.2833,-8.3333,2026-09-16,45,26.3,20.1,0.0,0,18.8,34.2,Normal,No Rain,Moderate,11.4,Very Low
El Hajeb,33.6928,-5.3711,2026-09-15,1,32.1,21.6,0.0,0,20.9,43.2,Hot,No Rain,Moderate,14.5,Very Low
El Hajeb,33.6928,-5.3711,2026-09-16,2,28.5,17.9,0.0,0,19.2,40.3,Normal,No Rain,Moderate,6.4,Very Low
Jerada,34.31,-2.16,2026-09-15,3,30.7,19.2,0.0,0,18.6,34.9,Hot,No Rain,Moderate,10.9,Very Low
Jerada,34.31,-2.16,2026-09-16,0,29.1,18.0,0.0,0,23.5,44.3,Normal,No Rain,Moderate,9.0,Very Low
El Aïoun,34.5726,-2.5127,2026-09-15,3,32.0,16.8,0.0,0,14.0,24.1,Hot,No Rain,Low,5.5,Very Low
El Aïoun,34.5726,-2.5127,2026-09-16,0,32.1,15.7,0.0,0,22.5,38.5,Hot,No Rain,Moderate,13.5,Very Low
Tameslouht,31.5,-8.1,2026-09-15,3,36.6,25.5,0.0,8,18.0,32.8,Extreme Heat,No Rain,Moderate,17.74,Very Low
Tameslouht,31.5,-8.1,2026-09-16,1,34.0,21.4,0.0,0,18.8,31.3,Hot,No Rain,Moderate,10.9,Very Low
Sidi Yahia El Gharb,34.3058,-6.3058,2026-09-15,45,31.8,20.8,0.0,0,18.6,33.8,Hot,No Rain,Moderate,15.9,Very Low
Sidi Yahia El Gharb,34.3058,-6.3058,2026-09-16,3,28.5,20.4,0.0,0,21.6,38.9,Normal,No Rain,Moderate,10.0,Very Low
Chichaoua,31.5333,-8.7667,2026-09-15,3,38.1,25.2,0.0,5,23.7,38.9,Extreme Heat,No Rain,Moderate,21.025,Low
Chichaoua,31.5333,-8.7667,2026-09-16,0,34.7,22.0,0.0,0,23.1,37.4,Hot,No Rain,Moderate,13.5,Very Low
Al ’Attawia,31.83,-7.31,2026-09-15,3,36.4,24.7,0.0,5,22.1,40.7,Extreme Heat,No Rain,Moderate,21.025,Low
Al ’Attawia,31.83,-7.31,2026-09-16,0,32.8,19.1,0.0,0,17.0,31.3,Hot,No Rain,Moderate,9.9,Very Low
Tabount,30.9014,-6.9217,2026-09-15,3,32.5,22.5,0.0,8,21.8,38.2,Hot,No Rain,Moderate,15.34,Very Low
Tabount,30.9014,-6.9217,2026-09-16,1,33.5,19.3,0.0,3,23.7,37.8,Hot,No Rain,Moderate,14.815,Very Low
Zaïo,34.9396,-2.7334,2026-09-15,3,30.0,18.6,0.0,0,10.3,23.4,Normal,No Rain,Low,5.5,Very Low
Zaïo,34.9396,-2.7334,2026-09-16,2,33.2,19.8,0.0,0,14.7,28.4,Hot,No Rain,Moderate,5.5,Very Low
Aguelmous,33.1324,-5.8366,2026-09-15,3,32.6,19.4,0.0,0,21.9,43.2,Hot,No Rain,Moderate,14.5,Very Low
Aguelmous,33.1324,-5.8366,2026-09-16,1,29.1,16.4,0.0,0,17.3,34.6,Normal,No Rain,Moderate,6.4,Very Low
Asilah,35.4667,-6.0333,2026-09-15,0,31.8,21.3,0.0,0,18.9,34.6,Hot,No Rain,Moderate,9.9,Very Low
Asilah,35.4667,-6.0333,2026-09-16,3,24.9,19.6,0.0,0,19.2,35.3,Normal,No Rain,Moderate,6.4,Very Low
Imzouren,35.1464,-3.8506,2026-09-15,45,27.1,19.8,0.0,0,11.9,21.6,Normal,No Rain,Low,6.0,Very Low
Imzouren,35.1464,-3.8506,2026-09-16,3,29.9,20.9,0.0,0,12.3,25.6,Normal,No Rain,Low,1.0,Very Low
Mediouna,33.4556,-7.5208,2026-09-15,45,33.6,20.8,0.0,0,18.5,32.8,Hot,No Rain,Moderate,15.9,Very Low
Mediouna,33.4556,-7.5208,2026-09-16,45,28.0,19.3,0.0,0,18.0,33.1,Normal,No Rain,Moderate,11.4,Very Low
Demnat,31.7311,-7.0361,2026-09-15,3,33.5,22.0,0.0,8,20.8,44.3,Hot,No Rain,Moderate,15.34,Very Low
Demnat,31.7311,-7.0361,2026-09-16,0,29.8,17.5,0.0,0,17.8,33.8,Normal,No Rain,Moderate,5.4,Very Low
Aïn Taoujdat,33.9333,-5.2167,2026-09-15,2,34.0,22.3,0.0,0,19.3,38.9,Hot,No Rain,Moderate,10.9,Very Low
Aïn Taoujdat,33.9333,-5.2167,2026-09-16,1,30.8,20.3,0.0,0,19.2,40.7,Hot,No Rain,Moderate,10.9,Very Low
Sidi Smai’il,32.8167,-8.5,2026-09-15,3,35.4,21.5,0.0,0,23.6,41.0,Extreme Heat,No Rain,Moderate,20.5,Low
Sidi Smai’il,32.8167,-8.5,2026-09-16,2,28.7,19.4,0.0,0,20.9,36.4,Normal,No Rain,Moderate,10.0,Very Low
Moulay Bousselham,34.8786,-6.2933,2026-09-15,45,27.5,19.4,0.0,0,25.7,43.2,Normal,No Rain,Moderate,15.0,Very Low
Moulay Bousselham,34.8786,-6.2933,2026-09-16,45,25.6,19.4,0.0,0,17.0,28.1,Normal,No Rain,Moderate,6.0,Very Low
Mechraa Bel Ksiri,34.56,-5.95,2026-09-15,45,34.8,20.8,0.0,0,20.2,36.7,Hot,No Rain,Moderate,19.5,Very Low
Mechraa Bel Ksiri,34.56,-5.95,2026-09-16,2,30.0,19.6,0.0,0,19.9,37.1,Normal,No Rain,Moderate,10.9,Very Low
Souk et Tnine Jorf el Mellah,34.4945,-5.5047,2026-09-15,0,35.9,22.4,0.0,0,19.6,37.8,Extreme Heat,No Rain,Moderate,15.9,Very Low
Souk et Tnine Jorf el Mellah,34.4945,-5.5047,2026-09-16,2,31.5,19.6,0.0,0,19.8,37.4,Hot,No Rain,Moderate,10.9,Very Low
Zeghanghane,35.1575,-3.0017,2026-09-15,45,28.3,19.7,0.0,0,12.1,24.1,Normal,No Rain,Low,6.0,Very Low
Zeghanghane,35.1575,-3.0017,2026-09-16,1,32.0,19.0,0.0,3,9.0,20.5,Hot,No Rain,Low,5.815,Very Low
Oulad Barhil,30.6408,-8.475,2026-09-15,3,39.5,25.4,0.0,13,20.9,36.4,Extreme Heat,No Rain,Moderate,21.865,Low
Oulad Barhil,30.6408,-8.475,2026-09-16,1,36.3,22.1,0.0,3,26.2,47.5,Extreme Heat,No Rain,Moderate,20.815,Low
Bir Jdid,33.3737,-8.0002,2026-09-15,45,29.7,20.8,0.0,0,17.3,33.1,Normal,No Rain,Moderate,11.4,Very Low
Bir Jdid,33.3737,-8.0002,2026-09-16,45,26.2,20.1,0.0,0,18.6,35.6,Normal,No Rain,Moderate,11.4,Very Low
Bou Arfa,32.531,-1.9631,2026-09-15,3,32.3,20.1,0.0,13,17.0,33.8,Hot,No Rain,Moderate,12.265,Very Low
Bou Arfa,32.531,-1.9631,2026-09-16,3,29.2,19.2,0.0,0,18.9,29.5,Normal,No Rain,Moderate,1.0,Very Low
Tahannawt,31.3514,-7.9508,2026-09-15,3,32.8,22.5,0.0,5,18.4,38.2,Hot,No Rain,Moderate,11.425,Very Low
Tahannawt,31.3514,-7.9508,2026-09-16,2,30.6,18.5,0.0,0,15.8,30.2,Hot,No Rain,Moderate,10.9,Very Low
Arfoud,31.4361,-4.2328,2026-09-15,3,36.8,25.8,0.0,10,32.7,83.2,Extreme Heat,No Rain,Strong,34.15,Low
Arfoud,31.4361,-4.2328,2026-09-16,2,34.7,21.8,0.0,3,13.0,22.0,Hot,No Rain,Low,5.815,Very Low
Tahla,34.05,-4.42,2026-09-15,3,34.4,21.0,0.0,0,17.4,32.4,Hot,No Rain,Moderate,10.9,Very Low
Tahla,34.05,-4.42,2026-09-16,1,31.0,20.0,0.0,0,18.0,34.9,Hot,No Rain,Moderate,10.9,Very Low
Missour,33.05,-3.9908,2026-09-15,3,35.8,20.6,0.0,10,22.0,34.9,Extreme Heat,No Rain,Moderate,21.55,Low
Missour,33.05,-3.9908,2026-09-16,1,32.3,19.2,0.0,0,20.1,32.4,Hot,No Rain,Moderate,14.5,Very Low
Sidi Lmokhtar,31.57,-9.01,2026-09-15,3,38.2,24.8,0.0,5,23.2,38.5,Extreme Heat,No Rain,Moderate,21.025,Low
Sidi Lmokhtar,31.57,-9.01,2026-09-16,1,34.3,21.7,0.0,0,23.9,41.4,Hot,No Rain,Moderate,14.5,Very Low
Douar Toulal,33.8951,-5.6021,2026-09-15,2,33.6,21.8,0.0,0,18.4,40.7,Hot,No Rain,Moderate,10.9,Very Low
Douar Toulal,33.8951,-5.6021,2026-09-16,1,30.3,18.8,0.0,0,18.0,39.2,Hot,No Rain,Moderate,10.9,Very Low
Oulad Yaïch,32.4167,-6.3333,2026-09-15,3,38.6,25.5,0.0,3,18.3,35.3,Extreme Heat,No Rain,Moderate,17.215,Very Low
Oulad Yaïch,32.4167,-6.3333,2026-09-16,0,34.7,21.4,0.0,0,12.7,23.0,Hot,No Rain,Low,4.5,Very Low
Zawyat ech Cheïkh,32.6541,-5.9214,2026-09-15,3,36.0,20.5,0.0,5,19.2,36.0,Extreme Heat,No Rain,Moderate,17.424999999999997,Very Low
Zawyat ech Cheïkh,32.6541,-5.9214,2026-09-16,0,31.9,16.9,0.0,0,13.8,25.6,Hot,No Rain,Low,4.5,Very Low
Imi-n-Tanout,31.177,-8.8504,2026-09-15,3,33.2,25.5,0.0,5,26.1,45.0,Hot,No Rain,Moderate,15.025,Very Low
Imi-n-Tanout,31.177,-8.8504,2026-09-16,1,30.3,20.2,0.0,0,25.0,44.6,Hot,No Rain,Moderate,14.5,Very Low
Sebt Gzoula,32.1219,-9.0889,2026-09-15,3,38.3,24.6,0.0,3,24.1,45.7,Extreme Heat,No Rain,Moderate,20.815,Low
Sebt Gzoula,32.1219,-9.0889,2026-09-16,2,31.2,20.7,0.0,0,21.0,39.2,Hot,No Rain,Moderate,14.5,Very Low
Tifariti,26.158,-10.567,2026-09-15,1,37.7,25.6,0.0,8,22.2,41.4,Extreme Heat,No Rain,Moderate,21.34,Low
Tifariti,26.158,-10.567,2026-09-16,0,38.5,23.5,0.0,0,37.3,54.4,Extreme Heat,No Rain,Strong,26.7,Low
Casablanca,33.5992,-7.62,2026-09-17,3,25.3,19.7,0.0,0,12.8,36.0,Normal,No Rain,Moderate,6.4,Very Low
Tangier,35.7767,-5.8039000000000005,2026-09-17,3,26.7,17.6,0.0,0,10.6,25.6,Normal,No Rain,Low,1.0,Very Low
Fès,34.0433,-5.0033,2026-09-17,3,28.9,18.0,0.0,0,12.2,32.4,Normal,No Rain,Moderate,6.4,Very Low
Marrakech,31.6295,-7.9811,2026-09-17,2,30.2,18.3,0.0,0,10.6,31.0,Hot,No Rain,Moderate,10.9,Very Low
Sale,34.05,-6.8167,2026-09-17,3,25.4,18.6,0.0,0,11.8,31.7,Normal,No Rain,Moderate,6.4,Very Low
Meknès,33.8833,-5.55,2026-09-17,45,27.7,15.4,0.0,0,12.9,34.6,Normal,No Rain,Moderate,11.4,Very Low
Rabat,34.0211,-6.8414,2026-09-17,3,25.4,18.6,0.0,0,11.8,31.7,Normal,No Rain,Moderate,6.4,Very Low
Agadir,30.4214,-9.5831,2026-09-17,3,28.6,20.5,0.0,0,14.5,37.1,Normal,No Rain,Moderate,6.4,Very Low
Kenitra,34.25,-6.5833,2026-09-17,3,26.1,18.3,0.0,0,12.1,30.6,Normal,No Rain,Moderate,6.4,Very Low
Oujda-Angad,34.6867,-1.9114,2026-09-17,3,28.3,15.6,0.0,0,18.4,38.2,Normal,No Rain,Moderate,6.4,Very Low
Tétouan,35.5667,-5.3667,2026-09-17,3,27.5,14.6,0.0,0,10.6,28.1,Normal,No Rain,Low,4.0,Very Low
Safi,32.2833,-9.2333,2026-09-17,3,24.7,19.2,0.0,0,20.2,37.1,Normal,No Rain,Moderate,10.0,Very Low
Taourirt,34.41,-2.89,2026-09-17,3,29.6,20.1,0.0,0,24.8,40.3,Normal,No Rain,Moderate,10.0,Very Low
Temara,33.9234,-6.9076,2026-09-17,3,25.1,18.4,0.0,0,12.2,33.5,Normal,No Rain,Moderate,6.4,Very Low
Laâyoune,27.15,-13.2,2026-09-17,51,28.0,21.4,0.2,0,31.1,60.5,Normal,Light,Strong,22.2,Low
El Jadid,33.2566,-8.5025,2026-09-17,3,25.0,20.4,0.0,0,13.9,25.6,Normal,No Rain,Low,1.0,Very Low
Ait Melloul,30.3342,-9.4972,2026-09-17,3,27.1,21.2,0.0,0,17.0,34.6,Normal,No Rain,Moderate,6.4,Very Low
Béni Mellal,32.3394,-6.3608,2026-09-17,3,29.9,18.8,0.0,0,10.6,26.6,Normal,No Rain,Low,1.0,Very Low
Bouskoura,33.4489,-7.6486,2026-09-17,3,26.3,18.6,0.0,0,14.9,37.4,Normal,No Rain,Moderate,6.4,Very Low
Tiznit,29.7,-9.7269,2026-09-17,3,23.2,19.9,0.0,0,22.4,37.4,Normal,No Rain,Moderate,10.0,Very Low
Mohammedia,33.6833,-7.3833,2026-09-17,3,24.9,19.1,0.0,0,14.0,34.2,Normal,No Rain,Moderate,6.4,Very Low
Kouribga,32.88,-6.9,2026-09-17,3,28.2,14.4,0.0,0,18.8,37.4,Normal,No Rain,Moderate,9.4,Very Low
Settat,33.0023,-7.6198,2026-09-17,3,27.6,16.6,0.0,0,17.6,37.1,Normal,No Rain,Moderate,6.4,Very Low
Barrechid,33.27,-7.5872,2026-09-17,3,27.8,17.4,0.0,0,17.2,31.3,Normal,No Rain,Moderate,6.4,Very Low
Ad Dakhla,23.7167,-15.95,2026-09-17,2,22.3,20.6,0.0,0,41.3,52.9,Normal,No Rain,Strong,22.0,Low
Nador,35.1667,-2.9333,2026-09-17,80,26.5,21.6,0.2,0,14.3,32.0,Normal,Light,Moderate,17.4,Very Low
Taza,34.2144,-4.0088,2026-09-17,3,29.3,16.9,0.0,0,14.3,31.0,Normal,No Rain,Moderate,6.4,Very Low
Inezgane,30.3658,-9.5381,2026-09-17,3,26.8,20.7,0.0,0,13.7,38.5,Normal,No Rain,Moderate,6.4,Very Low
Larache,35.1833,-6.15,2026-09-17,3,25.3,17.7,0.0,0,12.4,23.8,Normal,No Rain,Low,1.0,Very Low
Al Khmissat,33.81,-6.06,2026-09-17,45,28.4,15.1,0.0,0,14.2,29.9,Normal,No Rain,Moderate,6.0,Very Low
Guelmim,28.9833,-10.0667,2026-09-17,3,24.5,18.9,0.0,0,29.5,49.0,Normal,No Rain,Moderate,10.0,Very Low
Ksar El Kebir,35.0,-5.9,2026-09-17,3,28.3,18.8,0.0,0,14.3,27.4,Normal,No Rain,Moderate,1.0,Very Low
Khénifra,32.93,-5.66,2026-09-17,3,31.8,15.7,0.0,0,16.6,31.7,Hot,No Rain,Moderate,10.9,Very Low
Skhirate,33.85,-7.03,2026-09-17,3,24.3,18.7,0.0,0,12.9,29.2,Normal,No Rain,Moderate,1.0,Very Low
Beni Yakhlef,33.6555,-7.3221,2026-09-17,3,26.1,17.8,0.0,0,16.3,31.0,Normal,No Rain,Moderate,6.4,Very Low
Sidi Yahya Zaer,33.7105,-6.8831,2026-09-17,3,26.2,15.9,0.0,0,16.0,32.8,Normal,No Rain,Moderate,6.4,Very Low
Ben Guerir,32.23,-7.95,2026-09-17,3,28.6,16.5,0.0,0,17.3,34.6,Normal,No Rain,Moderate,6.4,Very Low
Ait Ali,30.1739,-9.4881,2026-09-17,3,26.7,20.8,0.0,0,24.9,40.3,Normal,No Rain,Moderate,10.0,Very Low
My Drarga,30.3805,-9.4763,2026-09-17,3,27.4,20.6,0.0,0,17.9,39.6,Normal,No Rain,Moderate,6.4,Very Low
Lqoliaa,30.2942,-9.4544,2026-09-17,3,27.6,20.7,0.0,0,17.8,39.6,Normal,No Rain,Moderate,6.4,Very Low
El Kelaa des Srarhna,32.05,-7.4,2026-09-17,2,29.8,17.4,0.0,0,16.8,28.8,Normal,No Rain,Moderate,1.0,Very Low
Moulay Abdallah,33.1978,-8.5883,2026-09-17,3,25.7,20.3,0.0,0,16.2,24.8,Normal,No Rain,Moderate,1.0,Very Low
Tiflet,33.9,-6.33,2026-09-17,3,27.5,15.9,0.0,0,13.7,28.4,Normal,No Rain,Moderate,1.0,Very Low
Oulad Teïma,30.4,-9.21,2026-09-17,45,29.4,19.8,0.0,0,25.2,47.9,Normal,No Rain,Moderate,15.0,Very Low
Berkane,34.9167,-2.3167,2026-09-17,3,26.3,17.9,0.0,0,15.4,32.8,Normal,No Rain,Moderate,6.4,Very Low
Ain El Aouda,33.8111,-6.7922,2026-09-17,3,26.1,16.5,0.0,0,15.5,31.0,Normal,No Rain,Moderate,6.4,Very Low
Errachidia,31.9319,-4.4244,2026-09-17,3,32.7,20.8,0.0,28,21.3,53.6,Hot,No Rain,Moderate,24.64,Low
Al Fqih Ben Çalah,32.507,-6.6886,2026-09-17,2,33.1,15.9,0.0,0,15.0,31.0,Hot,No Rain,Moderate,10.9,Very Low
Ad Darwa,33.4167,-7.5333,2026-09-17,3,26.9,18.3,0.0,0,15.5,30.6,Normal,No Rain,Moderate,6.4,Very Low
Martil,35.61,-5.27,2026-09-17,3,25.5,16.9,0.0,0,11.4,28.4,Normal,No Rain,Low,1.0,Very Low
Sidi Slimane,34.26,-5.93,2026-09-17,3,28.7,18.8,0.0,0,14.3,31.3,Normal,No Rain,Moderate,6.4,Very Low
Oued Zem,32.8619,-6.5711,2026-09-17,2,30.5,15.4,0.0,0,16.2,33.1,Hot,No Rain,Moderate,10.9,Very Low
Sefrou,33.83,-4.83,2026-09-17,3,26.0,16.8,0.0,0,14.8,33.1,Normal,No Rain,Moderate,6.4,Very Low
Taroudannt,30.4711,-8.8778,2026-09-17,45,30.4,18.8,0.0,0,23.4,45.7,Hot,No Rain,Moderate,19.5,Very Low
Essaouira,31.513,-9.7687,2026-09-17,3,23.6,18.9,0.0,0,29.2,54.0,Normal,No Rain,Strong,17.2,Very Low
Azrou,33.4344,-5.2213,2026-09-17,3,26.2,15.1,0.0,0,15.1,34.9,Normal,No Rain,Moderate,6.4,Very Low
Guercif,34.23,-3.36,2026-09-17,3,30.8,19.9,0.0,0,27.0,54.0,Hot,No Rain,Strong,21.7,Low
Warzat,30.9167,-6.9167000000000005,2026-09-17,80,31.4,18.0,0.6000000000000001,30,16.1,36.4,Hot,Light,Moderate,25.05,Low
Fnidq,35.8414,-5.3587,2026-09-17,3,27.0,17.4,0.0,0,11.2,24.1,Normal,No Rain,Low,1.0,Very Low
Tan-Tan,28.4333,-11.1,2026-09-17,51,25.7,20.4,0.3,0,31.1,55.4,Normal,Light,Strong,22.2,Low
Sidi Qacem,34.21,-5.7,2026-09-17,3,28.8,18.6,0.0,0,14.1,30.6,Normal,No Rain,Moderate,6.4,Very Low
M’diq,35.68,-5.32,2026-09-17,3,25.3,16.7,0.0,0,11.4,28.4,Normal,No Rain,Low,1.0,Very Low
Youssoufia,32.25,-8.53,2026-09-17,2,27.8,17.2,0.0,0,18.6,38.9,Normal,No Rain,Moderate,6.4,Very Low
Midalt,32.68,-4.74,2026-09-17,3,29.2,13.7,0.1,18,21.4,43.2,Normal,Light,Moderate,14.89,Very Low
Aïn Harrouda,33.6372,-7.4483,2026-09-17,3,25.6,18.9,0.0,0,13.8,36.0,Normal,No Rain,Moderate,6.4,Very Low
Souq Sebt Oulad Nemma,32.3,-6.7,2026-09-17,2,32.7,17.6,0.0,0,14.0,25.2,Hot,No Rain,Low,5.5,Very Low
Mehdya,34.2557,-6.6745,2026-09-17,3,25.6,18.6,0.0,0,11.8,27.4,Normal,No Rain,Low,1.0,Very Low
Ouezzane,34.8,-5.6,2026-09-17,3,28.0,16.4,0.0,0,15.8,31.0,Normal,No Rain,Moderate,6.4,Very Low
Semara,26.7394,-11.6703,2026-09-17,3,30.8,20.3,0.0,0,29.5,51.1,Hot,No Rain,Strong,21.7,Low
Ait Ourir,31.5644,-7.6628,2026-09-17,2,28.6,16.3,0.0,0,11.1,22.0,Normal,No Rain,Low,1.0,Very Low
Oulad Tayeb,33.9598,-4.9954,2026-09-17,45,28.6,17.5,0.0,0,14.2,27.7,Normal,No Rain,Moderate,6.0,Very Low
Tit Mellil,33.5533,-7.4822,2026-09-17,3,25.6,18.6,0.0,0,13.3,36.0,Normal,No Rain,Moderate,6.4,Very Low
Sidi Bennour,32.655,-8.4292,2026-09-17,3,27.8,17.6,0.0,0,19.5,33.8,Normal,No Rain,Moderate,6.4,Very Low
Temsia,30.3633,-9.4144,2026-09-17,3,28.0,20.7,0.0,0,20.5,43.6,Normal,No Rain,Moderate,10.0,Very Low
Biougra,30.2144,-9.3708,2026-09-17,3,27.4,20.7,0.0,0,29.7,49.3,Normal,No Rain,Moderate,10.0,Very Low
Al Hoceïma,35.2472,-3.9322,2026-09-17,3,25.8,19.5,0.0,25,15.5,27.7,Normal,No Rain,Moderate,3.625,Very Low
Qasbat Tadla,32.6,-6.26,2026-09-17,3,32.6,17.3,0.0,0,11.5,22.7,Hot,No Rain,Low,5.5,Very Low
Aziylal,31.96,-6.5600000000000005,2026-09-17,3,27.3,14.5,0.0,3,16.0,34.9,Normal,No Rain,Moderate,9.715,Very Low
Boujad,32.7741,-6.3925,2026-09-17,1,31.7,17.3,0.0,0,16.6,31.3,Hot,No Rain,Moderate,10.9,Very Low
Al Aaroui,35.0104,-3.0073,2026-09-17,3,27.6,17.8,0.0,0,18.1,31.7,Normal,No Rain,Moderate,6.4,Very Low
Mrirt,33.1654,-5.5634,2026-09-17,3,30.7,15.2,0.0,0,20.0,41.0,Hot,No Rain,Moderate,14.5,Very Low
Tineghir,31.5147,-5.5328,2026-09-17,3,30.5,19.1,0.0,30,26.6,43.2,Hot,No Rain,Moderate,17.65,Very Low
Bouknadel,34.1766,-6.6893,2026-09-17,3,24.8,18.8,0.0,0,13.2,23.4,Normal,No Rain,Low,1.0,Very Low
Cabo Bojador,26.1269,-14.4992,2026-09-17,51,25.5,20.9,0.1,0,31.5,56.5,Normal,Light,Strong,22.2,Low
Zagora,30.3316,-5.8376,2026-09-17,3,35.0,25.7,0.0,8,14.7,23.8,Hot,No Rain,Low,12.34,Very Low
Azemmour,33.2833,-8.3333,2026-09-17,3,25.7,19.7,0.0,0,14.3,26.6,Normal,No Rain,Moderate,1.0,Very Low
El Hajeb,33.6928,-5.3711,2026-09-17,3,26.3,15.6,0.0,0,16.5,36.0,Normal,No Rain,Moderate,6.4,Very Low
Jerada,34.31,-2.16,2026-09-17,3,26.6,16.7,0.0,0,19.9,38.9,Normal,No Rain,Moderate,6.4,Very Low
El Aïoun,34.5726,-2.5127,2026-09-17,3,28.3,15.5,0.0,0,14.9,25.2,Normal,No Rain,Moderate,1.0,Very Low
Tameslouht,31.5,-8.1,2026-09-17,3,29.4,18.2,0.0,0,14.8,24.5,Normal,No Rain,Low,1.0,Very Low
Sidi Yahia El Gharb,34.3058,-6.3058,2026-09-17,3,27.1,17.8,0.0,0,14.6,26.6,Normal,No Rain,Moderate,1.0,Very Low
Chichaoua,31.5333,-8.7667,2026-09-17,3,29.6,18.3,0.0,0,16.6,27.0,Normal,No Rain,Moderate,1.0,Very Low
Al ’Attawia,31.83,-7.31,2026-09-17,45,28.6,16.4,0.0,0,15.0,28.4,Normal,No Rain,Moderate,6.0,Very Low
Tabount,30.9014,-6.9217,2026-09-17,80,31.4,19.3,1.0,30,17.9,31.3,Hot,Light,Moderate,25.05,Low
Zaïo,34.9396,-2.7334,2026-09-17,3,27.7,19.3,0.0,0,14.3,31.0,Normal,No Rain,Moderate,6.4,Very Low
Aguelmous,33.1324,-5.8366,2026-09-17,3,29.6,15.1,0.0,0,16.9,34.2,Normal,No Rain,Moderate,6.4,Very Low
Asilah,35.4667,-6.0333,2026-09-17,3,24.0,18.7,0.0,0,14.0,26.6,Normal,No Rain,Moderate,1.0,Very Low
Imzouren,35.1464,-3.8506,2026-09-17,3,25.8,18.5,0.0,0,16.6,29.5,Normal,No Rain,Moderate,1.0,Very Low
Mediouna,33.4556,-7.5208,2026-09-17,3,27.1,17.8,0.0,0,15.9,29.2,Normal,No Rain,Moderate,1.0,Very Low
Demnat,31.7311,-7.0361,2026-09-17,3,26.0,14.5,0.0,0,13.7,27.4,Normal,No Rain,Moderate,4.0,Very Low
Aïn Taoujdat,33.9333,-5.2167,2026-09-17,45,27.6,16.7,0.0,0,14.9,29.2,Normal,No Rain,Moderate,6.0,Very Low
Sidi Smai’il,32.8167,-8.5,2026-09-17,3,26.8,18.4,0.0,0,17.4,31.0,Normal,No Rain,Moderate,6.4,Very Low
Moulay Bousselham,34.8786,-6.2933,2026-09-17,3,24.6,18.1,0.0,0,12.0,20.2,Normal,No Rain,Low,1.0,Very Low
Mechraa Bel Ksiri,34.56,-5.95,2026-09-17,3,28.3,18.3,0.0,0,14.8,27.7,Normal,No Rain,Moderate,1.0,Very Low
Souk et Tnine Jorf el Mellah,34.4945,-5.5047,2026-09-17,3,29.3,19.4,0.0,0,13.9,25.9,Normal,No Rain,Low,1.0,Very Low
Zeghanghane,35.1575,-3.0017,2026-09-17,3,27.2,19.4,0.0,0,15.3,30.6,Normal,No Rain,Moderate,6.4,Very Low
Oulad Barhil,30.6408,-8.475,2026-09-17,3,29.8,17.6,0.0,0,28.4,49.7,Normal,No Rain,Moderate,10.0,Very Low
Bir Jdid,33.3737,-8.0002,2026-09-17,3,25.6,18.5,0.0,0,17.3,33.1,Normal,No Rain,Moderate,6.4,Very Low
Bou Arfa,32.531,-1.9631,2026-09-17,3,31.2,17.0,0.0,5,20.6,31.7,Hot,No Rain,Moderate,15.025,Very Low
Tahannawt,31.3514,-7.9508,2026-09-17,3,26.6,14.4,0.0,0,14.5,27.7,Normal,No Rain,Moderate,4.0,Very Low
Arfoud,31.4361,-4.2328,2026-09-17,3,34.6,21.5,0.1,10,23.7,37.8,Hot,Light,Moderate,15.55,Very Low
Tahla,34.05,-4.42,2026-09-17,3,28.5,16.3,0.0,0,13.5,25.9,Normal,No Rain,Low,1.0,Very Low
Missour,33.05,-3.9908,2026-09-17,3,31.0,16.8,0.0,25,24.9,39.6,Hot,No Rain,Moderate,17.125,Very Low
Sidi Lmokhtar,31.57,-9.01,2026-09-17,3,28.6,17.8,0.0,0,21.4,35.6,Normal,No Rain,Moderate,10.0,Very Low
Douar Toulal,33.8951,-5.6021,2026-09-17,45,28.1,15.7,0.0,0,14.3,33.1,Normal,No Rain,Moderate,11.4,Very Low
Oulad Yaïch,32.4167,-6.3333,2026-09-17,2,32.1,17.8,0.0,0,13.3,23.8,Hot,No Rain,Low,5.5,Very Low
Zawyat ech Cheïkh,32.6541,-5.9214,2026-09-17,3,30.7,15.0,0.0,0,12.3,23.0,Hot,No Rain,Low,5.5,Very Low
Imi-n-Tanout,31.177,-8.8504,2026-09-17,45,25.5,16.1,0.0,0,18.9,32.0,Normal,No Rain,Moderate,11.4,Very Low
Sebt Gzoula,32.1219,-9.0889,2026-09-17,2,27.4,18.2,0.0,0,18.5,34.9,Normal,No Rain,Moderate,6.4,Very Low
Tifariti,26.158,-10.567,2026-09-17,2,31.0,17.8,0.0,0,37.4,55.4,Hot,No Rain,Strong,21.7,Low
Casablanca,33.5992,-7.62,2026-09-18,3,24.6,18.7,0.0,0,12.7,34.2,Normal,No Rain,Moderate,6.4,Very Low
Tangier,35.7767,-5.8039000000000005,2026-09-18,2,27.9,18.3,0.0,0,22.3,51.5,Normal,No Rain,Moderate,17.2,Very Low
Fès,34.0433,-5.0033,2026-09-18,3,31.8,17.4,0.0,0,10.0,27.4,Hot,No Rain,Low,5.5,Very Low
Marrakech,31.6295,-7.9811,2026-09-18,2,32.0,17.9,0.0,0,6.5,20.5,Hot,No Rain,Low,5.5,Very Low
Sale,34.05,-6.8167,2026-09-18,45,25.6,16.3,0.0,0,13.8,36.0,Normal,No Rain,Moderate,11.4,Very Low
Meknès,33.8833,-5.55,2026-09-18,2,30.0,15.7,0.0,0,13.8,37.4,Normal,No Rain,Moderate,10.9,Very Low
Rabat,34.0211,-6.8414,2026-09-18,45,25.7,16.4,0.0,0,13.8,36.0,Normal,No Rain,Moderate,11.4,Very Low
Agadir,30.4214,-9.5831,2026-09-18,1,26.8,19.4,0.0,0,10.7,31.0,Normal,No Rain,Moderate,6.4,Very Low
Kenitra,34.25,-6.5833,2026-09-18,45,27.1,15.6,0.0,0,14.4,37.4,Normal,No Rain,Moderate,11.4,Very Low
Oujda-Angad,34.6867,-1.9114,2026-09-18,3,28.4,16.3,0.0,3,20.7,45.0,Normal,No Rain,Moderate,10.315,Very Low
Tétouan,35.5667,-5.3667,2026-09-18,3,26.6,17.9,0.0,0,24.9,57.2,Normal,No Rain,Strong,17.2,Very Low
Safi,32.2833,-9.2333,2026-09-18,1,25.3,18.2,0.0,0,19.6,36.0,Normal,No Rain,Moderate,6.4,Very Low
Taourirt,34.41,-2.89,2026-09-18,3,29.6,18.1,0.0,0,32.8,55.4,Normal,No Rain,Strong,17.2,Very Low
Temara,33.9234,-6.9076,2026-09-18,45,25.5,15.6,0.0,0,13.7,36.7,Normal,No Rain,Moderate,11.4,Very Low
Laâyoune,27.15,-13.2,2026-09-18,51,28.8,19.8,0.1,0,30.1,58.3,Normal,Light,Strong,22.2,Low
El Jadid,33.2566,-8.5025,2026-09-18,2,24.1,19.3,0.0,0,17.8,32.0,Normal,No Rain,Moderate,6.4,Very Low
Ait Melloul,30.3342,-9.4972,2026-09-18,2,26.4,19.3,0.0,0,16.8,33.8,Normal,No Rain,Moderate,6.4,Very Low
Béni Mellal,32.3394,-6.3608,2026-09-18,3,31.4,18.6,0.0,0,8.3,26.3,Hot,No Rain,Low,5.5,Very Low
Bouskoura,33.4489,-7.6486,2026-09-18,3,26.5,17.1,0.0,0,14.8,37.1,Normal,No Rain,Moderate,6.4,Very Low
Tiznit,29.7,-9.7269,2026-09-18,2,25.5,18.8,0.0,0,18.2,32.0,Normal,No Rain,Moderate,6.4,Very Low
Mohammedia,33.6833,-7.3833,2026-09-18,3,24.6,17.1,0.0,0,13.7,34.2,Normal,No Rain,Moderate,6.4,Very Low
Kouribga,32.88,-6.9,2026-09-18,3,29.6,15.0,0.0,0,17.2,33.5,Normal,No Rain,Moderate,6.4,Very Low
Settat,33.0023,-7.6198,2026-09-18,3,29.3,15.9,0.0,0,17.3,36.7,Normal,No Rain,Moderate,6.4,Very Low
Barrechid,33.27,-7.5872,2026-09-18,3,28.9,15.8,0.0,0,17.7,32.4,Normal,No Rain,Moderate,6.4,Very Low
Ad Dakhla,23.7167,-15.95,2026-09-18,0,21.5,20.7,0.0,0,35.9,44.6,Normal,No Rain,Strong,9.0,Very Low
Nador,35.1667,-2.9333,2026-09-18,80,25.1,21.8,2.5,3,17.1,36.7,Normal,Light,Moderate,22.615,Low
Taza,34.2144,-4.0088,2026-09-18,3,29.2,17.4,0.0,0,19.5,40.3,Normal,No Rain,Moderate,6.4,Very Low
Inezgane,30.3658,-9.5381,2026-09-18,2,25.1,19.0,0.0,0,11.7,33.8,Normal,No Rain,Moderate,6.4,Very Low
Larache,35.1833,-6.15,2026-09-18,45,27.7,14.4,0.0,0,15.6,29.2,Normal,No Rain,Moderate,9.0,Very Low
Al Khmissat,33.81,-6.06,2026-09-18,3,29.9,15.4,0.0,0,16.9,36.4,Normal,No Rain,Moderate,6.4,Very Low
Guelmim,28.9833,-10.0667,2026-09-18,1,28.0,17.2,0.0,0,23.7,41.4,Normal,No Rain,Moderate,10.0,Very Low
Ksar El Kebir,35.0,-5.9,2026-09-18,45,30.6,15.7,0.0,0,16.3,32.4,Hot,No Rain,Moderate,15.9,Very Low
Khénifra,32.93,-5.66,2026-09-18,3,31.9,14.8,0.0,0,17.8,32.8,Hot,No Rain,Moderate,10.9,Very Low
Skhirate,33.85,-7.03,2026-09-18,2,24.2,16.1,0.0,0,15.4,34.6,Normal,No Rain,Moderate,6.4,Very Low
Beni Yakhlef,33.6555,-7.3221,2026-09-18,3,25.9,15.5,0.0,0,18.0,34.2,Normal,No Rain,Moderate,6.4,Very Low
Sidi Yahya Zaer,33.7105,-6.8831,2026-09-18,3,27.4,14.9,0.0,0,17.9,37.8,Normal,No Rain,Moderate,9.4,Very Low
Ben Guerir,32.23,-7.95,2026-09-18,3,30.2,16.2,0.0,0,13.0,27.4,Hot,No Rain,Moderate,5.5,Very Low
Ait Ali,30.1739,-9.4881,2026-09-18,2,26.5,19.0,0.0,0,21.5,34.9,Normal,No Rain,Moderate,10.0,Very Low
My Drarga,30.3805,-9.4763,2026-09-18,2,26.3,18.9,0.0,0,14.9,33.1,Normal,No Rain,Moderate,6.4,Very Low
Lqoliaa,30.2942,-9.4544,2026-09-18,2,27.2,18.9,0.0,0,17.6,38.9,Normal,No Rain,Moderate,6.4,Very Low
El Kelaa des Srarhna,32.05,-7.4,2026-09-18,3,31.4,17.7,0.0,0,12.2,21.6,Hot,No Rain,Low,5.5,Very Low
Moulay Abdallah,33.1978,-8.5883,2026-09-18,2,25.1,19.4,0.0,0,19.6,30.6,Normal,No Rain,Moderate,6.4,Very Low
Tiflet,33.9,-6.33,2026-09-18,3,29.4,15.5,0.0,0,16.7,34.9,Normal,No Rain,Moderate,6.4,Very Low
Oulad Teïma,30.4,-9.21,2026-09-18,2,29.6,18.3,0.0,0,20.7,38.5,Normal,No Rain,Moderate,10.0,Very Low
Berkane,34.9167,-2.3167,2026-09-18,45,26.5,18.4,0.0,3,19.0,38.2,Normal,No Rain,Moderate,11.715,Very Low
Ain El Aouda,33.8111,-6.7922,2026-09-18,3,27.4,14.9,0.0,0,16.8,34.6,Normal,No Rain,Moderate,9.4,Very Low
Errachidia,31.9319,-4.4244,2026-09-18,3,30.9,18.7,0.3,30,16.3,33.1,Hot,Light,Moderate,14.05,Very Low
Al Fqih Ben Çalah,32.507,-6.6886,2026-09-18,3,33.9,16.4,0.0,0,10.2,19.1,Hot,No Rain,Low,5.5,Very Low
Ad Darwa,33.4167,-7.5333,2026-09-18,3,27.0,16.7,0.0,0,16.2,32.8,Normal,No Rain,Moderate,6.4,Very Low
Martil,35.61,-5.27,2026-09-18,3,24.7,19.1,0.3,3,19.5,42.8,Normal,Light,Moderate,6.715,Very Low
Sidi Slimane,34.26,-5.93,2026-09-18,45,32.2,16.3,0.0,0,16.8,35.3,Hot,No Rain,Moderate,15.9,Very Low
Oued Zem,32.8619,-6.5711,2026-09-18,3,31.1,15.3,0.0,0,17.3,37.4,Hot,No Rain,Moderate,10.9,Very Low
Sefrou,33.83,-4.83,2026-09-18,3,28.2,16.4,0.0,0,14.8,34.2,Normal,No Rain,Moderate,6.4,Very Low
Taroudannt,30.4711,-8.8778,2026-09-18,2,30.5,18.2,0.0,0,18.4,38.2,Hot,No Rain,Moderate,10.9,Very Low
Essaouira,31.513,-9.7687,2026-09-18,0,23.7,18.7,0.0,0,26.8,50.0,Normal,No Rain,Moderate,16.2,Very Low
Azrou,33.4344,-5.2213,2026-09-18,3,26.4,13.5,0.0,0,16.3,34.9,Normal,No Rain,Moderate,9.4,Very Low
Guercif,34.23,-3.36,2026-09-18,3,30.3,18.3,0.0,0,28.8,55.1,Hot,No Rain,Strong,21.7,Low
Warzat,30.9167,-6.9167000000000005,2026-09-18,3,31.4,16.6,0.0,3,12.3,22.0,Hot,No Rain,Low,5.815,Very Low
Fnidq,35.8414,-5.3587,2026-09-18,80,24.3,19.0,0.5,3,18.5,36.0,Normal,Light,Moderate,17.715,Very Low
Tan-Tan,28.4333,-11.1,2026-09-18,1,25.8,19.7,0.0,0,27.2,49.7,Normal,No Rain,Moderate,10.0,Very Low
Sidi Qacem,34.21,-5.7,2026-09-18,3,32.1,17.1,0.0,0,13.7,30.6,Hot,No Rain,Moderate,10.9,Very Low
M’diq,35.68,-5.32,2026-09-18,3,24.6,19.0,0.3,0,19.5,42.8,Normal,Light,Moderate,6.4,Very Low
Youssoufia,32.25,-8.53,2026-09-18,1,30.0,16.5,0.0,0,15.9,33.1,Normal,No Rain,Moderate,10.9,Very Low
Midalt,32.68,-4.74,2026-09-18,3,27.4,12.9,0.0,8,23.8,40.3,Normal,No Rain,Moderate,13.84,Very Low
Aïn Harrouda,33.6372,-7.4483,2026-09-18,3,25.3,17.1,0.0,0,13.4,36.0,Normal,No Rain,Moderate,6.4,Very Low
Souq Sebt Oulad Nemma,32.3,-6.7,2026-09-18,3,33.7,17.7,0.0,0,11.5,19.8,Hot,No Rain,Low,5.5,Very Low
Mehdya,34.2557,-6.6745,2026-09-18,45,26.1,15.6,0.0,0,15.5,35.3,Normal,No Rain,Moderate,11.4,Very Low
Ouezzane,34.8,-5.6,2026-09-18,3,30.6,14.1,0.0,0,14.5,29.2,Hot,No Rain,Moderate,5.5,Very Low
Semara,26.7394,-11.6703,2026-09-18,3,30.8,19.8,0.0,0,25.1,44.6,Hot,No Rain,Moderate,14.5,Very Low
Ait Ourir,31.5644,-7.6628,2026-09-18,3,30.1,16.6,0.0,0,8.9,19.1,Hot,No Rain,Low,5.5,Very Low
Oulad Tayeb,33.9598,-4.9954,2026-09-18,3,31.2,17.3,0.0,0,13.4,26.6,Hot,No Rain,Low,5.5,Very Low
Tit Mellil,33.5533,-7.4822,2026-09-18,3,25.1,17.4,0.0,0,13.7,37.1,Normal,No Rain,Moderate,6.4,Very Low
Sidi Bennour,32.655,-8.4292,2026-09-18,45,29.2,16.1,0.0,0,18.9,33.1,Normal,No Rain,Moderate,11.4,Very Low
Temsia,30.3633,-9.4144,2026-09-18,2,27.4,19.0,0.0,0,17.9,38.9,Normal,No Rain,Moderate,6.4,Very Low
Biougra,30.2144,-9.3708,2026-09-18,1,27.9,19.1,0.0,0,23.5,38.9,Normal,No Rain,Moderate,10.0,Very Low
Al Hoceïma,35.2472,-3.9322,2026-09-18,3,26.8,18.9,0.0,0,21.5,38.5,Normal,No Rain,Moderate,10.0,Very Low
Qasbat Tadla,32.6,-6.26,2026-09-18,3,33.6,17.0,0.0,0,12.3,24.1,Hot,No Rain,Low,5.5,Very Low
Aziylal,31.96,-6.5600000000000005,2026-09-18,3,26.4,16.0,0.0,3,15.7,33.5,Normal,No Rain,Moderate,6.715,Very Low
Boujad,32.7741,-6.3925,2026-09-18,3,32.2,16.3,0.0,0,17.8,34.9,Hot,No Rain,Moderate,10.9,Very Low
Al Aaroui,35.0104,-3.0073,2026-09-18,3,26.4,18.4,0.0,0,25.5,43.9,Normal,No Rain,Moderate,10.0,Very Low
Mrirt,33.1654,-5.5634,2026-09-18,3,30.2,14.5,0.0,0,18.4,37.4,Hot,No Rain,Moderate,10.9,Very Low
Tineghir,31.5147,-5.5328,2026-09-18,3,30.1,18.1,0.0,43,18.3,42.8,Hot,No Rain,Moderate,15.415,Very Low
Bouknadel,34.1766,-6.6893,2026-09-18,45,25.0,16.6,0.0,0,17.0,30.2,Normal,No Rain,Moderate,11.4,Very Low
Cabo Bojador,26.1269,-14.4992,2026-09-18,3,25.2,20.1,0.0,0,26.1,49.0,Normal,No Rain,Moderate,10.0,Very Low
Zagora,30.3316,-5.8376,2026-09-18,3,34.6,25.0,0.1,10,23.4,38.2,Hot,Light,Moderate,15.55,Very Low
Azemmour,33.2833,-8.3333,2026-09-18,2,25.1,17.8,0.0,0,17.2,31.3,Normal,No Rain,Moderate,6.4,Very Low
El Hajeb,33.6928,-5.3711,2026-09-18,3,27.7,14.9,0.0,0,16.7,35.3,Normal,No Rain,Moderate,9.4,Very Low
Jerada,34.31,-2.16,2026-09-18,3,27.7,15.3,0.0,3,21.6,52.9,Normal,No Rain,Moderate,17.515,Very Low
El Aïoun,34.5726,-2.5127,2026-09-18,45,29.4,15.7,0.0,0,21.8,37.8,Normal,No Rain,Moderate,15.0,Very Low
Tameslouht,31.5,-8.1,2026-09-18,2,31.1,17.4,0.0,0,9.4,18.4,Hot,No Rain,Low,5.5,Very Low
Sidi Yahia El Gharb,34.3058,-6.3058,2026-09-18,45,29.3,15.4,0.0,0,17.9,33.1,Normal,No Rain,Moderate,11.4,Very Low
Chichaoua,31.5333,-8.7667,2026-09-18,2,31.0,17.4,0.0,0,13.8,22.7,Hot,No Rain,Low,5.5,Very Low
Al ’Attawia,31.83,-7.31,2026-09-18,3,30.0,16.6,0.0,0,11.9,22.0,Normal,No Rain,Low,5.5,Very Low
Tabount,30.9014,-6.9217,2026-09-18,3,31.2,17.4,0.0,3,10.9,19.4,Hot,No Rain,Low,5.815,Very Low
Zaïo,34.9396,-2.7334,2026-09-18,45,28.1,19.0,0.0,0,17.9,38.2,Normal,No Rain,Moderate,11.4,Very Low
Aguelmous,33.1324,-5.8366,2026-09-18,3,29.8,14.1,0.0,0,17.9,41.4,Normal,No Rain,Moderate,9.4,Very Low
Asilah,35.4667,-6.0333,2026-09-18,2,28.7,16.3,0.0,0,26.9,47.9,Normal,No Rain,Moderate,10.0,Very Low
Imzouren,35.1464,-3.8506,2026-09-18,3,27.5,18.4,0.0,0,18.6,33.8,Normal,No Rain,Moderate,6.4,Very Low
Mediouna,33.4556,-7.5208,2026-09-18,3,27.3,16.4,0.0,0,17.3,32.0,Normal,No Rain,Moderate,6.4,Very Low
Demnat,31.7311,-7.0361,2026-09-18,3,27.7,14.3,0.0,0,11.6,24.1,Normal,No Rain,Low,4.0,Very Low
Aïn Taoujdat,33.9333,-5.2167,2026-09-18,3,30.5,16.4,0.0,0,15.1,29.9,Hot,No Rain,Moderate,5.5,Very Low
Sidi Smai’il,32.8167,-8.5,2026-09-18,45,28.0,17.3,0.0,0,17.4,30.6,Normal,No Rain,Moderate,11.4,Very Low
Moulay Bousselham,34.8786,-6.2933,2026-09-18,45,24.8,14.7,0.0,0,18.8,31.3,Normal,No Rain,Moderate,14.4,Very Low
Mechraa Bel Ksiri,34.56,-5.95,2026-09-18,45,31.6,14.7,0.0,0,18.1,33.5,Hot,No Rain,Moderate,15.9,Very Low
Souk et Tnine Jorf el Mellah,34.4945,-5.5047,2026-09-18,45,32.6,15.6,0.0,0,10.2,19.4,Hot,No Rain,Low,10.5,Very Low
Zeghanghane,35.1575,-3.0017,2026-09-18,3,26.1,19.2,0.0,3,22.1,40.7,Normal,No Rain,Moderate,10.315,Very Low
Oulad Barhil,30.6408,-8.475,2026-09-18,3,30.4,17.8,0.0,0,24.8,46.1,Hot,No Rain,Moderate,14.5,Very Low
Bir Jdid,33.3737,-8.0002,2026-09-18,3,25.0,17.5,0.0,0,17.0,32.8,Normal,No Rain,Moderate,6.4,Very Low
Bou Arfa,32.531,-1.9631,2026-09-18,3,29.8,17.9,0.0,20,20.1,32.8,Normal,No Rain,Moderate,12.1,Very Low
Tahannawt,31.3514,-7.9508,2026-09-18,2,27.6,14.5,0.0,0,12.5,24.8,Normal,No Rain,Low,4.0,Very Low
Arfoud,31.4361,-4.2328,2026-09-18,3,32.9,19.4,0.0,10,18.9,30.2,Hot,No Rain,Moderate,11.95,Very Low
Tahla,34.05,-4.42,2026-09-18,3,30.8,15.8,0.0,0,18.1,34.9,Hot,No Rain,Moderate,10.9,Very Low
Missour,33.05,-3.9908,2026-09-18,3,30.4,15.3,0.0,13,27.0,42.1,Hot,No Rain,Moderate,15.865,Very Low
Sidi Lmokhtar,31.57,-9.01,2026-09-18,1,30.4,16.7,0.0,0,17.9,30.6,Hot,No Rain,Moderate,10.9,Very Low
Douar Toulal,33.8951,-5.6021,2026-09-18,3,30.1,15.8,0.0,0,15.5,35.6,Hot,No Rain,Moderate,10.9,Very Low
Oulad Yaïch,32.4167,-6.3333,2026-09-18,3,33.5,18.2,0.0,0,6.7,13.3,Hot,No Rain,Low,5.5,Very Low
Zawyat ech Cheïkh,32.6541,-5.9214,2026-09-18,3,31.8,14.9,0.0,0,9.0,18.0,Hot,No Rain,Low,5.5,Very Low
Imi-n-Tanout,31.177,-8.8504,2026-09-18,2,27.0,16.0,0.0,0,16.8,29.2,Normal,No Rain,Moderate,1.0,Very Low
Sebt Gzoula,32.1219,-9.0889,2026-09-18,1,29.2,17.6,0.0,0,15.9,31.7,Normal,No Rain,Moderate,6.4,Very Low
Tifariti,26.158,-10.567,2026-09-18,3,30.7,16.6,0.0,0,35.0,53.6,Hot,No Rain,Strong,21.7,Low
Béni Mellal,32.3394,-6.3608,2026-09-19,2,34.8,22.9,0.0,5,17.5,38.5,Hot,No Rain,Moderate,11.425,Very Low
Béni Mellal,32.3394,-6.3608,2026-09-20,3,36.1,24.4,0.0,8,20.2,49.3,Extreme Heat,No Rain,Moderate,21.34,Low
Béni Mellal,32.3394,-6.3608,2026-09-21,3,34.6,24.0,0.0,0,15.0,40.7,Hot,No Rain,Moderate,10.9,Very Low
Béni Mellal,32.3394,-6.3608,2026-09-22,1,34.4,23.7,0.0,0,17.0,34.9,Hot,No Rain,Moderate,10.9,Very Low
Béni Mellal,32.3394,-6.3608,2026-09-23,0,34.9,22.4,0.0,0,15.4,32.8,Hot,No Rain,Moderate,9.9,Very Low
Béni Mellal,32.3394,-6.3608,2026-09-24,1,36.0,26.2,0.0,3,17.4,32.8,Extreme Heat,No Rain,Moderate,17.215,Very Low
Béni Mellal,32.3394,-6.3608,2026-09-25,3,33.7,24.1,0.0,7,10.8,25.2,Hot,No Rain,Low,6.235,Very Low
Casablanca,33.5992,-7.62,2026-09-19,45,26.5,18.9,0.0,0,11.9,32.8,Normal,No Rain,Moderate,11.4,Very Low
Casablanca,33.5992,-7.62,2026-09-20,45,29.4,20.3,0.0,0,10.4,30.6,Normal,No Rain,Moderate,11.4,Very Low
Casablanca,33.5992,-7.62,2026-09-21,45,29.0,20.9,0.0,0,10.6,31.7,Normal,No Rain,Moderate,11.4,Very Low
Casablanca,33.5992,-7.62,2026-09-22,45,28.8,20.5,0.0,0,10.4,30.6,Normal,No Rain,Moderate,11.4,Very Low
Casablanca,33.5992,-7.62,2026-09-23,45,28.0,18.9,0.0,0,10.2,29.9,Normal,No Rain,Moderate,6.0,Very Low
Casablanca,33.5992,-7.62,2026-09-24,45,29.4,17.9,0.0,0,11.3,30.2,Normal,No Rain,Moderate,11.4,Very Low
Casablanca,33.5992,-7.62,2026-09-25,45,26.5,20.0,0.0,0,12.0,33.1,Normal,No Rain,Moderate,11.4,Very Low
Tangier,35.7767,-5.8039000000000005,2026-09-19,2,27.6,22.9,0.0,0,32.1,75.6,Normal,No Rain,Strong,22.6,Low
Tangier,35.7767,-5.8039000000000005,2026-09-20,2,28.5,23.9,0.0,0,29.9,72.0,Normal,No Rain,Strong,22.6,Low
Tangier,35.7767,-5.8039000000000005,2026-09-21,1,28.8,22.8,0.0,0,27.9,65.9,Normal,No Rain,Strong,17.2,Very Low
Tangier,35.7767,-5.8039000000000005,2026-09-22,1,28.2,21.4,0.0,0,24.3,58.0,Normal,No Rain,Strong,17.2,Very Low
Tangier,35.7767,-5.8039000000000005,2026-09-23,1,28.8,20.9,0.0,0,22.1,51.8,Normal,No Rain,Moderate,17.2,Very Low
Tangier,35.7767,-5.8039000000000005,2026-09-24,1,28.0,22.5,0.0,0,24.9,45.7,Normal,No Rain,Moderate,10.0,Very Low
Tangier,35.7767,-5.8039000000000005,2026-09-25,45,24.8,18.3,0.0,0,10.1,20.9,Normal,No Rain,Low,6.0,Very Low
Fès,34.0433,-5.0033,2026-09-19,2,33.7,21.2,0.0,5,17.5,44.6,Hot,No Rain,Moderate,11.425,Very Low
Fès,34.0433,-5.0033,2026-09-20,2,35.2,21.9,0.0,0,14.5,38.5,Extreme Heat,No Rain,Moderate,16.9,Very Low
Fès,34.0433,-5.0033,2026-09-21,1,34.2,21.9,0.0,0,12.7,33.8,Hot,No Rain,Moderate,10.9,Very Low
Fès,34.0433,-5.0033,2026-09-22,0,33.2,20.5,0.0,0,12.0,32.0,Hot,No Rain,Moderate,9.9,Very Low
Fès,34.0433,-5.0033,2026-09-23,0,34.8,18.9,0.0,0,8.4,22.7,Hot,No Rain,Low,4.5,Very Low
Fès,34.0433,-5.0033,2026-09-24,2,36.0,20.3,0.0,0,13.7,33.5,Extreme Heat,No Rain,Moderate,16.9,Very Low
Fès,34.0433,-5.0033,2026-09-25,3,33.5,20.0,0.0,0,16.3,40.3,Hot,No Rain,Moderate,10.9,Very Low
Marrakech,31.6295,-7.9811,2026-09-19,3,36.8,20.3,0.2,23,9.6,28.8,Extreme Heat,Light,Low,13.915,Very Low
Marrakech,31.6295,-7.9811,2026-09-20,3,37.2,22.4,0.1,48,12.5,43.6,Extreme Heat,Light,Moderate,21.94,Low
Marrakech,31.6295,-7.9811,2026-09-21,3,37.4,22.7,0.0,3,14.7,40.0,Extreme Heat,No Rain,Moderate,17.215,Very Low
Marrakech,31.6295,-7.9811,2026-09-22,2,36.9,20.5,0.0,1,13.3,36.4,Extreme Heat,No Rain,Moderate,17.005,Very Low
Marrakech,31.6295,-7.9811,2026-09-23,0,36.7,19.0,0.0,0,12.6,34.6,Extreme Heat,No Rain,Moderate,15.9,Very Low
Marrakech,31.6295,-7.9811,2026-09-24,1,37.1,20.7,0.0,0,16.6,28.4,Extreme Heat,No Rain,Moderate,11.5,Very Low
Marrakech,31.6295,-7.9811,2026-09-25,3,34.5,21.7,0.0,3,17.9,30.6,Hot,No Rain,Moderate,11.215,Very Low
Sale,34.05,-6.8167,2026-09-19,2,28.6,17.0,0.0,0,12.1,31.3,Normal,No Rain,Moderate,6.4,Very Low
Sale,34.05,-6.8167,2026-09-20,0,30.9,20.0,0.0,0,11.9,31.3,Hot,No Rain,Moderate,9.9,Very Low
Sale,34.05,-6.8167,2026-09-21,1,30.4,20.7,0.0,0,11.5,31.0,Hot,No Rain,Moderate,10.9,Very Low
Sale,34.05,-6.8167,2026-09-22,0,29.9,20.2,0.0,0,10.8,28.8,Normal,No Rain,Low,0.0,Very Low
Sale,34.05,-6.8167,2026-09-23,0,28.6,18.2,0.0,0,11.4,29.2,Normal,No Rain,Moderate,0.0,Very Low
Sale,34.05,-6.8167,2026-09-24,45,27.4,18.7,0.0,0,10.7,25.6,Normal,No Rain,Low,6.0,Very Low
Sale,34.05,-6.8167,2026-09-25,45,25.7,20.3,0.0,0,11.5,27.7,Normal,No Rain,Low,6.0,Very Low
Meknès,33.8833,-5.55,2026-09-19,2,33.9,18.9,0.0,0,12.0,35.3,Hot,No Rain,Moderate,10.9,Very Low
Meknès,33.8833,-5.55,2026-09-20,1,35.3,20.6,0.0,0,11.7,33.8,Extreme Heat,No Rain,Moderate,16.9,Very Low
Meknès,33.8833,-5.55,2026-09-21,0,34.7,20.2,0.0,0,12.9,32.4,Hot,No Rain,Moderate,9.9,Very Low
Meknès,33.8833,-5.55,2026-09-22,0,33.4,19.6,0.0,0,12.3,31.3,Hot,No Rain,Moderate,9.9,Very Low
Meknès,33.8833,-5.55,2026-09-23,0,34.0,17.2,0.0,0,13.1,33.8,Hot,No Rain,Moderate,9.9,Very Low
Meknès,33.8833,-5.55,2026-09-24,2,34.9,19.0,0.0,0,15.1,35.3,Hot,No Rain,Moderate,10.9,Very Low
Meknès,33.8833,-5.55,2026-09-25,3,32.1,18.8,0.0,3,17.3,39.2,Hot,No Rain,Moderate,11.215,Very Low
Rabat,34.0211,-6.8414,2026-09-19,2,28.7,17.1,0.0,0,12.1,31.3,Normal,No Rain,Moderate,6.4,Very Low
Rabat,34.0211,-6.8414,2026-09-20,0,31.0,20.0,0.0,0,11.9,31.3,Hot,No Rain,Moderate,9.9,Very Low
Rabat,34.0211,-6.8414,2026-09-21,1,30.4,20.8,0.0,0,11.5,31.0,Hot,No Rain,Moderate,10.9,Very Low
Rabat,34.0211,-6.8414,2026-09-22,0,29.9,20.3,0.0,0,10.8,28.8,Normal,No Rain,Low,0.0,Very Low
Rabat,34.0211,-6.8414,2026-09-23,0,28.6,18.2,0.0,0,11.4,29.2,Normal,No Rain,Moderate,0.0,Very Low
Rabat,34.0211,-6.8414,2026-09-24,45,27.5,18.8,0.0,0,10.7,25.6,Normal,No Rain,Low,6.0,Very Low
Rabat,34.0211,-6.8414,2026-09-25,45,25.7,20.4,0.0,0,11.5,27.7,Normal,No Rain,Low,6.0,Very Low
Agadir,30.4214,-9.5831,2026-09-19,2,26.5,21.2,0.0,0,12.6,39.2,Normal,No Rain,Moderate,6.4,Very Low
Agadir,30.4214,-9.5831,2026-09-20,45,27.8,20.6,0.0,0,12.2,36.7,Normal,No Rain,Moderate,11.4,Very Low
Agadir,30.4214,-9.5831,2026-09-21,3,34.8,22.3,0.0,0,9.5,28.4,Hot,No Rain,Low,5.5,Very Low
Agadir,30.4214,-9.5831,2026-09-22,2,33.3,23.2,0.0,0,11.9,37.1,Hot,No Rain,Moderate,10.9,Very Low
Agadir,30.4214,-9.5831,2026-09-23,2,32.9,22.3,0.0,0,10.5,31.7,Hot,No Rain,Moderate,10.9,Very Low
Agadir,30.4214,-9.5831,2026-09-24,3,38.9,22.6,0.0,0,14.2,30.6,Extreme Heat,No Rain,Moderate,16.9,Very Low
Agadir,30.4214,-9.5831,2026-09-25,45,31.0,20.8,0.0,0,14.0,28.1,Hot,No Rain,Moderate,10.5,Very Low
Kenitra,34.25,-6.5833,2026-09-19,1,33.8,17.6,0.0,0,16.0,40.0,Hot,No Rain,Moderate,10.9,Very Low
Kenitra,34.25,-6.5833,2026-09-20,0,36.0,20.0,0.0,0,13.2,37.1,Extreme Heat,No Rain,Moderate,15.9,Very Low
Kenitra,34.25,-6.5833,2026-09-21,1,34.3,20.6,0.0,0,14.0,37.1,Hot,No Rain,Moderate,10.9,Very Low
Kenitra,34.25,-6.5833,2026-09-22,0,33.1,20.5,0.0,0,12.5,34.9,Hot,No Rain,Moderate,9.9,Very Low
Kenitra,34.25,-6.5833,2026-09-23,0,31.3,17.9,0.0,0,12.0,30.6,Hot,No Rain,Moderate,9.9,Very Low
Kenitra,34.25,-6.5833,2026-09-24,45,28.1,17.9,0.0,0,10.9,26.3,Normal,No Rain,Low,6.0,Very Low
Kenitra,34.25,-6.5833,2026-09-25,45,25.9,20.1,0.0,0,10.7,26.3,Normal,No Rain,Low,6.0,Very Low
Oujda-Angad,34.6867,-1.9114,2026-09-19,80,29.1,19.2,0.5,58,15.2,35.3,Normal,Light,Moderate,23.49,Low
Oujda-Angad,34.6867,-1.9114,2026-09-20,80,29.4,19.3,0.3,18,19.1,40.7,Normal,Light,Moderate,19.29,Very Low
Oujda-Angad,34.6867,-1.9114,2026-09-21,45,26.5,18.1,0.2,3,18.2,38.2,Normal,Light,Moderate,11.715,Very Low
Oujda-Angad,34.6867,-1.9114,2026-09-22,45,28.2,14.8,0.0,0,15.3,35.6,Normal,No Rain,Moderate,14.4,Very Low
Oujda-Angad,34.6867,-1.9114,2026-09-23,2,30.1,15.3,0.0,0,18.4,38.9,Hot,No Rain,Moderate,10.9,Very Low
Oujda-Angad,34.6867,-1.9114,2026-09-24,1,34.6,18.2,0.0,0,11.9,34.2,Hot,No Rain,Moderate,10.9,Very Low
Oujda-Angad,34.6867,-1.9114,2026-09-25,3,34.3,21.3,0.0,0,22.8,41.0,Hot,No Rain,Moderate,14.5,Very Low
Tétouan,35.5667,-5.3667,2026-09-19,3,25.9,22.6,0.0,0,31.4,72.0,Normal,No Rain,Strong,22.6,Low
Tétouan,35.5667,-5.3667,2026-09-20,3,26.1,23.3,0.0,0,27.6,64.4,Normal,No Rain,Strong,17.2,Very Low
Tétouan,35.5667,-5.3667,2026-09-21,2,27.3,22.6,0.0,0,27.2,65.2,Normal,No Rain,Strong,17.2,Very Low
Tétouan,35.5667,-5.3667,2026-09-22,2,26.7,21.2,0.0,0,17.7,46.4,Normal,No Rain,Moderate,6.4,Very Low
Tétouan,35.5667,-5.3667,2026-09-23,2,26.5,20.3,0.0,0,17.1,44.6,Normal,No Rain,Moderate,6.4,Very Low
Tétouan,35.5667,-5.3667,2026-09-24,45,27.2,21.0,0.0,0,16.5,40.0,Normal,No Rain,Moderate,11.4,Very Low
Tétouan,35.5667,-5.3667,2026-09-25,45,30.1,19.6,0.0,0,9.4,19.8,Hot,No Rain,Low,10.5,Very Low
Safi,32.2833,-9.2333,2026-09-19,2,27.4,19.0,0.0,0,18.9,35.3,Normal,No Rain,Moderate,6.4,Very Low
Safi,32.2833,-9.2333,2026-09-20,2,24.5,19.8,0.0,0,9.4,18.7,Normal,No Rain,Low,1.0,Very Low
Safi,32.2833,-9.2333,2026-09-21,45,26.8,19.1,0.0,0,8.6,18.4,Normal,No Rain,Low,6.0,Very Low
Safi,32.2833,-9.2333,2026-09-22,45,26.3,18.4,0.0,0,12.0,23.8,Normal,No Rain,Low,6.0,Very Low
Safi,32.2833,-9.2333,2026-09-23,45,24.6,18.5,0.0,0,9.3,18.7,Normal,No Rain,Low,6.0,Very Low
Safi,32.2833,-9.2333,2026-09-24,45,26.9,19.0,0.0,0,12.7,25.6,Normal,No Rain,Low,6.0,Very Low
Safi,32.2833,-9.2333,2026-09-25,3,26.7,19.8,0.0,0,14.5,29.9,Normal,No Rain,Moderate,1.0,Very Low
Taourirt,34.41,-2.89,2026-09-19,80,30.8,20.0,0.6000000000000001,25,31.0,51.1,Hot,Light,Strong,35.325,Low
Taourirt,34.41,-2.89,2026-09-20,45,31.1,21.2,0.0,0,30.9,51.5,Hot,No Rain,Strong,26.7,Low
Taourirt,34.41,-2.89,2026-09-21,3,28.7,20.3,0.0,0,27.1,46.1,Normal,No Rain,Moderate,10.0,Very Low
Taourirt,34.41,-2.89,2026-09-22,2,29.8,17.1,0.0,0,23.8,42.5,Normal,No Rain,Moderate,10.0,Very Low
Taourirt,34.41,-2.89,2026-09-23,0,31.7,17.9,0.0,0,24.1,43.2,Hot,No Rain,Moderate,13.5,Very Low
Taourirt,34.41,-2.89,2026-09-24,0,34.1,18.5,0.0,0,16.3,36.4,Hot,No Rain,Moderate,9.9,Very Low
Taourirt,34.41,-2.89,2026-09-25,3,35.2,20.4,0.0,0,16.3,41.0,Extreme Heat,No Rain,Moderate,16.9,Very Low
Temara,33.9234,-6.9076,2026-09-19,2,28.7,16.7,0.0,0,11.8,32.4,Normal,No Rain,Moderate,6.4,Very Low
Temara,33.9234,-6.9076,2026-09-20,1,30.7,19.6,0.0,0,11.1,31.0,Hot,No Rain,Moderate,10.9,Very Low
Temara,33.9234,-6.9076,2026-09-21,1,30.5,20.5,0.0,0,11.1,31.3,Hot,No Rain,Moderate,10.9,Very Low
Temara,33.9234,-6.9076,2026-09-22,0,29.9,20.3,0.0,0,10.7,28.8,Normal,No Rain,Low,0.0,Very Low
Temara,33.9234,-6.9076,2026-09-23,0,28.5,18.1,0.0,0,11.0,29.9,Normal,No Rain,Moderate,0.0,Very Low
Temara,33.9234,-6.9076,2026-09-24,45,25.1,18.6,0.0,0,10.7,22.7,Normal,No Rain,Low,6.0,Very Low
Temara,33.9234,-6.9076,2026-09-25,45,24.1,19.9,0.0,0,12.0,25.6,Normal,No Rain,Low,6.0,Very Low
Laâyoune,27.15,-13.2,2026-09-19,3,28.8,18.1,0.0,0,22.5,45.4,Normal,No Rain,Moderate,10.0,Very Low
Laâyoune,27.15,-13.2,2026-09-20,3,33.3,18.5,0.0,0,21.6,42.8,Hot,No Rain,Moderate,14.5,Very Low
Laâyoune,27.15,-13.2,2026-09-21,0,37.5,20.6,0.0,1,23.2,45.4,Extreme Heat,No Rain,Moderate,19.605,Very Low
Laâyoune,27.15,-13.2,2026-09-22,1,36.2,20.7,0.0,2,24.9,47.5,Extreme Heat,No Rain,Moderate,20.71,Low
Laâyoune,27.15,-13.2,2026-09-23,0,42.3,21.6,0.0,1,26.8,52.6,Extreme Heat,No Rain,Moderate,31.305,Low
Laâyoune,27.15,-13.2,2026-09-24,1,41.5,25.7,0.0,0,25.0,56.9,Extreme Heat,No Rain,Strong,32.2,Low
Laâyoune,27.15,-13.2,2026-09-25,1,37.9,22.7,0.0,0,23.0,49.3,Extreme Heat,No Rain,Moderate,20.5,Low
El Jadid,33.2566,-8.5025,2026-09-19,2,25.5,20.0,0.0,0,16.0,29.5,Normal,No Rain,Moderate,1.0,Very Low
El Jadid,33.2566,-8.5025,2026-09-20,45,27.5,20.3,0.0,0,13.2,24.5,Normal,No Rain,Low,6.0,Very Low
El Jadid,33.2566,-8.5025,2026-09-21,45,26.8,20.9,0.0,0,13.0,23.8,Normal,No Rain,Low,6.0,Very Low
El Jadid,33.2566,-8.5025,2026-09-22,45,25.3,20.4,0.0,0,12.3,23.0,Normal,No Rain,Low,6.0,Very Low
El Jadid,33.2566,-8.5025,2026-09-23,45,26.2,20.8,0.0,0,12.5,23.4,Normal,No Rain,Low,6.0,Very Low
El Jadid,33.2566,-8.5025,2026-09-24,45,27.1,19.4,0.0,0,12.4,25.2,Normal,No Rain,Low,6.0,Very Low
El Jadid,33.2566,-8.5025,2026-09-25,3,25.3,20.1,0.0,0,11.5,24.8,Normal,No Rain,Low,1.0,Very Low
Ait Melloul,30.3342,-9.4972,2026-09-19,2,25.8,20.0,0.0,0,20.5,40.7,Normal,No Rain,Moderate,10.0,Very Low
Ait Melloul,30.3342,-9.4972,2026-09-20,2,26.5,20.2,0.0,0,18.4,37.4,Normal,No Rain,Moderate,6.4,Very Low
Ait Melloul,30.3342,-9.4972,2026-09-21,3,35.3,21.3,0.0,0,14.9,31.0,Extreme Heat,No Rain,Moderate,16.9,Very Low
Ait Melloul,30.3342,-9.4972,2026-09-22,2,35.4,21.5,0.0,0,19.6,38.5,Extreme Heat,No Rain,Moderate,16.9,Very Low
Ait Melloul,30.3342,-9.4972,2026-09-23,0,32.6,20.4,0.0,0,15.1,33.5,Hot,No Rain,Moderate,9.9,Very Low
Ait Melloul,30.3342,-9.4972,2026-09-24,3,39.1,22.8,0.0,0,14.2,30.6,Extreme Heat,No Rain,Moderate,16.9,Very Low
Ait Melloul,30.3342,-9.4972,2026-09-25,45,31.2,21.1,0.0,0,14.0,28.1,Hot,No Rain,Moderate,10.5,Very Low
Bouskoura,33.4489,-7.6486,2026-09-19,45,29.8,18.2,0.0,0,14.3,36.4,Normal,No Rain,Moderate,11.4,Very Low
Bouskoura,33.4489,-7.6486,2026-09-20,45,33.5,19.8,0.0,0,14.9,37.4,Hot,No Rain,Moderate,15.9,Very Low
Bouskoura,33.4489,-7.6486,2026-09-21,45,33.4,19.7,0.0,0,13.5,34.6,Hot,No Rain,Moderate,15.9,Very Low
Bouskoura,33.4489,-7.6486,2026-09-22,45,33.1,19.4,0.0,0,14.6,36.0,Hot,No Rain,Moderate,15.9,Very Low
Bouskoura,33.4489,-7.6486,2026-09-23,45,32.4,17.6,0.0,0,13.1,34.2,Hot,No Rain,Moderate,15.9,Very Low
Bouskoura,33.4489,-7.6486,2026-09-24,45,28.6,17.1,0.0,0,11.3,30.2,Normal,No Rain,Moderate,11.4,Very Low
Bouskoura,33.4489,-7.6486,2026-09-25,45,25.7,19.2,0.0,0,12.0,33.1,Normal,No Rain,Moderate,11.4,Very Low
Tiznit,29.7,-9.7269,2026-09-19,2,27.3,19.1,0.0,0,17.0,29.9,Normal,No Rain,Moderate,1.0,Very Low
Tiznit,29.7,-9.7269,2026-09-20,45,29.8,19.4,0.0,0,11.5,20.5,Normal,No Rain,Low,6.0,Very Low
Tiznit,29.7,-9.7269,2026-09-21,3,36.0,21.9,0.0,0,16.0,27.4,Extreme Heat,No Rain,Moderate,11.5,Very Low
Tiznit,29.7,-9.7269,2026-09-22,3,36.2,24.6,0.0,0,17.6,29.5,Extreme Heat,No Rain,Moderate,11.5,Very Low
Tiznit,29.7,-9.7269,2026-09-23,0,34.8,21.7,0.0,0,18.2,31.0,Hot,No Rain,Moderate,9.9,Very Low
Tiznit,29.7,-9.7269,2026-09-24,3,32.7,21.3,0.0,0,15.8,26.3,Hot,No Rain,Moderate,5.5,Very Low
Tiznit,29.7,-9.7269,2026-09-25,3,25.1,19.5,0.0,0,15.2,25.2,Normal,No Rain,Moderate,1.0,Very Low
Mohammedia,33.6833,-7.3833,2026-09-19,3,26.3,17.2,0.0,0,13.0,31.7,Normal,No Rain,Moderate,6.4,Very Low
Mohammedia,33.6833,-7.3833,2026-09-20,1,28.4,19.2,0.0,0,11.8,29.5,Normal,No Rain,Moderate,1.0,Very Low
Mohammedia,33.6833,-7.3833,2026-09-21,45,27.3,20.2,0.0,0,11.6,29.2,Normal,No Rain,Moderate,6.0,Very Low
Mohammedia,33.6833,-7.3833,2026-09-22,45,27.9,20.0,0.0,0,12.0,30.2,Normal,No Rain,Moderate,11.4,Very Low
Mohammedia,33.6833,-7.3833,2026-09-23,45,26.8,18.3,0.0,0,12.1,29.9,Normal,No Rain,Moderate,6.0,Very Low
Mohammedia,33.6833,-7.3833,2026-09-24,45,31.3,17.2,0.0,0,14.7,28.1,Hot,No Rain,Moderate,10.5,Very Low
Mohammedia,33.6833,-7.3833,2026-09-25,45,27.6,19.8,0.0,0,15.6,30.6,Normal,No Rain,Moderate,11.4,Very Low
Kouribga,32.88,-6.9,2026-09-19,2,34.0,18.7,0.0,0,18.9,40.3,Hot,No Rain,Moderate,10.9,Very Low
Kouribga,32.88,-6.9,2026-09-20,3,34.3,21.4,0.3,8,19.8,46.4,Hot,Light,Moderate,11.739999999999998,Very Low
Kouribga,32.88,-6.9,2026-09-21,3,34.0,21.2,0.2,0,21.9,40.7,Hot,Light,Moderate,14.5,Very Low
Kouribga,32.88,-6.9,2026-09-22,1,33.9,21.0,0.0,0,14.8,29.2,Hot,No Rain,Moderate,5.5,Very Low
Kouribga,32.88,-6.9,2026-09-23,0,34.1,19.1,0.0,0,18.4,37.1,Hot,No Rain,Moderate,9.9,Very Low
Kouribga,32.88,-6.9,2026-09-24,3,33.6,18.0,0.0,3,17.3,33.8,Hot,No Rain,Moderate,11.215,Very Low
Kouribga,32.88,-6.9,2026-09-25,3,30.9,17.6,0.0,3,16.2,33.8,Hot,No Rain,Moderate,11.215,Very Low
Settat,33.0023,-7.6198,2026-09-19,2,34.0,17.2,0.0,0,16.2,34.9,Hot,No Rain,Moderate,10.9,Very Low
Settat,33.0023,-7.6198,2026-09-20,2,36.2,20.7,0.0,0,17.4,38.2,Extreme Heat,No Rain,Moderate,16.9,Very Low
Settat,33.0023,-7.6198,2026-09-21,2,36.3,21.3,0.0,0,17.0,40.7,Extreme Heat,No Rain,Moderate,16.9,Very Low
Settat,33.0023,-7.6198,2026-09-22,1,36.2,19.2,0.0,0,15.2,36.4,Extreme Heat,No Rain,Moderate,16.9,Very Low
Settat,33.0023,-7.6198,2026-09-23,0,36.2,18.2,0.0,0,14.8,35.3,Extreme Heat,No Rain,Moderate,15.9,Very Low
Settat,33.0023,-7.6198,2026-09-24,3,36.4,17.6,0.0,0,14.8,34.6,Extreme Heat,No Rain,Moderate,16.9,Very Low
Settat,33.0023,-7.6198,2026-09-25,3,29.8,17.3,0.0,3,15.5,30.6,Normal,No Rain,Moderate,6.715,Very Low
Barrechid,33.27,-7.5872,2026-09-19,2,33.3,16.7,0.0,0,16.6,30.6,Hot,No Rain,Moderate,10.9,Very Low
Barrechid,33.27,-7.5872,2026-09-20,1,36.1,18.7,0.0,0,19.5,35.6,Extreme Heat,No Rain,Moderate,16.9,Very Low
Barrechid,33.27,-7.5872,2026-09-21,45,36.3,19.5,0.0,0,18.2,33.5,Extreme Heat,No Rain,Moderate,21.9,Low
Barrechid,33.27,-7.5872,2026-09-22,1,35.8,18.5,0.0,0,18.4,33.8,Extreme Heat,No Rain,Moderate,16.9,Very Low
Barrechid,33.27,-7.5872,2026-09-23,45,35.0,17.4,0.0,0,17.2,33.1,Hot,No Rain,Moderate,21.9,Low
Barrechid,33.27,-7.5872,2026-09-24,45,34.3,16.5,0.0,0,19.1,34.9,Hot,No Rain,Moderate,15.9,Very Low
Barrechid,33.27,-7.5872,2026-09-25,45,29.0,19.2,0.0,3,16.1,31.3,Normal,No Rain,Moderate,11.715,Very Low
Ad Dakhla,23.7167,-15.95,2026-09-19,1,21.5,20.3,0.0,0,30.9,38.5,Normal,No Rain,Moderate,10.0,Very Low
Ad Dakhla,23.7167,-15.95,2026-09-20,0,21.7,19.5,0.0,0,27.9,34.9,Normal,No Rain,Moderate,9.0,Very Low
Ad Dakhla,23.7167,-15.95,2026-09-21,0,21.7,20.5,0.0,8,28.4,35.3,Normal,No Rain,Moderate,9.84,Very Low
Ad Dakhla,23.7167,-15.95,2026-09-22,0,21.9,20.2,0.0,7,31.3,39.6,Normal,No Rain,Moderate,9.735,Very Low
Ad Dakhla,23.7167,-15.95,2026-09-23,1,22.2,20.2,0.0,4,30.2,38.2,Normal,No Rain,Moderate,10.42,Very Low
Ad Dakhla,23.7167,-15.95,2026-09-24,3,23.1,20.5,0.0,4,25.3,33.5,Normal,No Rain,Moderate,10.42,Very Low
Ad Dakhla,23.7167,-15.95,2026-09-25,3,24.4,22.8,0.0,4,26.6,41.0,Normal,No Rain,Moderate,10.42,Very Low
Nador,35.1667,-2.9333,2026-09-19,80,25.6,22.7,4.8,3,22.1,48.2,Normal,Moderate,Moderate,26.215,Low
Nador,35.1667,-2.9333,2026-09-20,80,26.1,23.2,3.4,15,22.6,46.8,Normal,Moderate,Moderate,27.475,Low
Nador,35.1667,-2.9333,2026-09-21,2,26.2,22.9,0.0,0,16.8,36.7,Normal,No Rain,Moderate,6.4,Very Low
Nador,35.1667,-2.9333,2026-09-22,2,25.7,20.5,0.0,0,13.0,29.2,Normal,No Rain,Moderate,1.0,Very Low
Nador,35.1667,-2.9333,2026-09-23,2,25.8,21.5,0.0,0,13.1,30.2,Normal,No Rain,Moderate,6.4,Very Low
Nador,35.1667,-2.9333,2026-09-24,45,28.1,18.7,0.0,0,17.8,32.0,Normal,No Rain,Moderate,11.4,Very Low
Nador,35.1667,-2.9333,2026-09-25,3,28.7,18.5,0.0,0,14.8,27.7,Normal,No Rain,Moderate,1.0,Very Low
Taza,34.2144,-4.0088,2026-09-19,3,28.9,19.3,0.0,0,25.1,56.2,Normal,No Rain,Strong,17.2,Very Low
Taza,34.2144,-4.0088,2026-09-20,3,30.1,20.6,0.0,0,20.4,42.1,Hot,No Rain,Moderate,14.5,Very Low
Taza,34.2144,-4.0088,2026-09-21,3,28.5,20.3,0.0,0,20.7,41.8,Normal,No Rain,Moderate,10.0,Very Low
Taza,34.2144,-4.0088,2026-09-22,1,29.3,16.8,0.0,0,18.5,37.8,Normal,No Rain,Moderate,6.4,Very Low
Taza,34.2144,-4.0088,2026-09-23,0,31.5,18.1,0.0,0,15.5,32.8,Hot,No Rain,Moderate,9.9,Very Low
Taza,34.2144,-4.0088,2026-09-24,0,33.9,17.8,0.0,0,9.5,18.7,Hot,No Rain,Low,4.5,Very Low
Taza,34.2144,-4.0088,2026-09-25,3,33.6,19.2,0.0,0,21.7,40.0,Hot,No Rain,Moderate,14.5,Very Low
Inezgane,30.3658,-9.5381,2026-09-19,45,24.5,19.9,0.0,0,14.4,42.1,Normal,No Rain,Moderate,11.4,Very Low
Inezgane,30.3658,-9.5381,2026-09-20,45,25.6,19.5,0.0,0,13.8,37.8,Normal,No Rain,Moderate,11.4,Very Low
Inezgane,30.3658,-9.5381,2026-09-21,3,31.9,20.8,0.0,0,10.0,27.4,Hot,No Rain,Low,5.5,Very Low
Inezgane,30.3658,-9.5381,2026-09-22,2,31.0,20.6,0.0,0,14.0,38.2,Hot,No Rain,Moderate,10.9,Very Low
Inezgane,30.3658,-9.5381,2026-09-23,0,30.1,20.2,0.0,0,10.7,29.5,Hot,No Rain,Moderate,4.5,Very Low
Inezgane,30.3658,-9.5381,2026-09-24,3,39.2,22.9,0.0,0,14.2,30.6,Extreme Heat,No Rain,Moderate,16.9,Very Low
Inezgane,30.3658,-9.5381,2026-09-25,45,31.3,21.1,0.0,0,14.0,28.1,Hot,No Rain,Moderate,10.5,Very Low
Larache,35.1833,-6.15,2026-09-19,1,34.5,18.2,0.0,0,20.9,37.8,Hot,No Rain,Moderate,14.5,Very Low
Larache,35.1833,-6.15,2026-09-20,0,33.7,24.9,0.0,0,15.4,30.2,Hot,No Rain,Moderate,9.9,Very Low
Larache,35.1833,-6.15,2026-09-21,2,32.5,22.5,0.0,0,14.8,27.4,Hot,No Rain,Moderate,5.5,Very Low
Larache,35.1833,-6.15,2026-09-22,0,31.6,18.4,0.0,0,15.5,28.8,Hot,No Rain,Moderate,4.5,Very Low
Larache,35.1833,-6.15,2026-09-23,0,31.8,17.9,0.0,0,17.2,32.0,Hot,No Rain,Moderate,9.9,Very Low
Larache,35.1833,-6.15,2026-09-24,45,30.1,17.9,0.0,0,12.3,23.0,Hot,No Rain,Low,10.5,Very Low
Larache,35.1833,-6.15,2026-09-25,45,26.6,18.5,0.0,0,12.6,23.4,Normal,No Rain,Low,6.0,Very Low
Al Khmissat,33.81,-6.06,2026-09-19,2,34.7,18.2,0.0,0,12.5,28.1,Hot,No Rain,Moderate,5.5,Very Low
Al Khmissat,33.81,-6.06,2026-09-20,2,36.5,20.9,0.0,0,14.7,33.5,Extreme Heat,No Rain,Moderate,16.9,Very Low
Al Khmissat,33.81,-6.06,2026-09-21,1,35.7,20.3,0.0,0,14.8,30.6,Extreme Heat,No Rain,Moderate,16.9,Very Low
Al Khmissat,33.81,-6.06,2026-09-22,0,34.6,19.8,0.0,0,14.1,30.2,Hot,No Rain,Moderate,9.9,Very Low
Al Khmissat,33.81,-6.06,2026-09-23,0,35.0,18.0,0.0,0,14.6,32.0,Hot,No Rain,Moderate,15.9,Very Low
Al Khmissat,33.81,-6.06,2026-09-24,1,35.1,16.5,0.0,0,17.0,32.4,Extreme Heat,No Rain,Moderate,16.9,Very Low
Al Khmissat,33.81,-6.06,2026-09-25,3,30.2,17.8,0.0,3,17.4,33.5,Hot,No Rain,Moderate,11.215,Very Low
Guelmim,28.9833,-10.0667,2026-09-19,3,29.4,18.0,0.0,0,22.9,40.0,Normal,No Rain,Moderate,10.0,Very Low
Guelmim,28.9833,-10.0667,2026-09-20,0,37.7,17.9,0.0,0,19.6,34.9,Extreme Heat,No Rain,Moderate,15.9,Very Low
Guelmim,28.9833,-10.0667,2026-09-21,1,39.9,23.2,0.0,0,21.1,35.6,Extreme Heat,No Rain,Moderate,20.5,Low
Guelmim,28.9833,-10.0667,2026-09-22,2,39.1,24.3,0.0,0,22.0,36.0,Extreme Heat,No Rain,Moderate,20.5,Low
Guelmim,28.9833,-10.0667,2026-09-23,2,39.2,24.4,0.0,2,21.8,40.7,Extreme Heat,No Rain,Moderate,20.71,Low
Guelmim,28.9833,-10.0667,2026-09-24,0,38.4,22.5,0.0,2,19.0,37.8,Extreme Heat,No Rain,Moderate,16.11,Very Low
Guelmim,28.9833,-10.0667,2026-09-25,0,34.3,19.7,0.0,4,15.6,33.8,Hot,No Rain,Moderate,10.32,Very Low
Ksar El Kebir,35.0,-5.9,2026-09-19,1,35.8,18.8,0.0,0,10.5,22.0,Extreme Heat,No Rain,Low,11.5,Very Low
Ksar El Kebir,35.0,-5.9,2026-09-20,1,36.8,22.9,0.0,0,15.5,29.2,Extreme Heat,No Rain,Moderate,11.5,Very Low
Ksar El Kebir,35.0,-5.9,2026-09-21,1,36.1,22.0,0.0,0,15.6,31.0,Extreme Heat,No Rain,Moderate,16.9,Very Low
Ksar El Kebir,35.0,-5.9,2026-09-22,0,35.0,19.7,0.0,0,12.7,27.0,Hot,No Rain,Low,10.5,Very Low
Ksar El Kebir,35.0,-5.9,2026-09-23,0,35.5,19.9,0.0,0,14.8,31.3,Extreme Heat,No Rain,Moderate,15.9,Very Low
Ksar El Kebir,35.0,-5.9,2026-09-24,1,34.4,19.2,0.0,0,16.2,31.3,Hot,No Rain,Moderate,10.9,Very Low
Ksar El Kebir,35.0,-5.9,2026-09-25,45,29.7,19.6,0.0,0,14.4,27.7,Normal,No Rain,Moderate,6.0,Very Low
Khénifra,32.93,-5.66,2026-09-19,3,33.7,19.9,0.0,5,19.6,37.1,Hot,No Rain,Moderate,11.425,Very Low
Khénifra,32.93,-5.66,2026-09-20,3,34.6,19.3,0.0,5,18.1,36.4,Hot,No Rain,Moderate,11.425,Very Low
Khénifra,32.93,-5.66,2026-09-21,3,34.5,18.8,0.0,0,21.4,40.7,Hot,No Rain,Moderate,14.5,Very Low
Khénifra,32.93,-5.66,2026-09-22,2,33.2,17.5,0.0,0,15.7,32.0,Hot,No Rain,Moderate,10.9,Very Low
Khénifra,32.93,-5.66,2026-09-23,1,33.4,17.3,0.0,0,11.9,26.3,Hot,No Rain,Low,5.5,Very Low
Khénifra,32.93,-5.66,2026-09-24,0,33.7,18.5,0.0,0,16.0,30.2,Hot,No Rain,Moderate,9.9,Very Low
Khénifra,32.93,-5.66,2026-09-25,3,32.9,18.7,0.0,8,17.3,32.8,Hot,No Rain,Moderate,11.739999999999998,Very Low
Skhirate,33.85,-7.03,2026-09-19,2,26.8,16.8,0.0,0,13.0,29.5,Normal,No Rain,Moderate,1.0,Very Low
Skhirate,33.85,-7.03,2026-09-20,0,27.7,19.2,0.0,0,12.0,27.7,Normal,No Rain,Low,0.0,Very Low
Skhirate,33.85,-7.03,2026-09-21,1,27.5,20.0,0.0,0,12.1,28.1,Normal,No Rain,Moderate,1.0,Very Low
Skhirate,33.85,-7.03,2026-09-22,1,27.5,19.9,0.0,0,11.5,27.4,Normal,No Rain,Low,1.0,Very Low
Skhirate,33.85,-7.03,2026-09-23,1,26.4,17.8,0.0,0,12.0,28.1,Normal,No Rain,Moderate,1.0,Very Low
Skhirate,33.85,-7.03,2026-09-24,45,25.2,18.7,0.0,0,10.7,22.7,Normal,No Rain,Low,6.0,Very Low
Skhirate,33.85,-7.03,2026-09-25,45,24.2,20.0,0.0,0,12.0,25.6,Normal,No Rain,Low,6.0,Very Low
Beni Yakhlef,33.6555,-7.3221,2026-09-19,2,28.5,15.9,0.0,0,16.9,31.7,Normal,No Rain,Moderate,6.4,Very Low
Beni Yakhlef,33.6555,-7.3221,2026-09-20,1,32.2,18.6,0.0,0,15.7,29.5,Hot,No Rain,Moderate,5.5,Very Low
Beni Yakhlef,33.6555,-7.3221,2026-09-21,1,31.5,19.8,0.0,0,17.0,31.7,Hot,No Rain,Moderate,10.9,Very Low
Beni Yakhlef,33.6555,-7.3221,2026-09-22,0,31.6,19.3,0.0,0,16.3,31.0,Hot,No Rain,Moderate,9.9,Very Low
Beni Yakhlef,33.6555,-7.3221,2026-09-23,1,30.7,17.1,0.0,0,16.8,31.7,Hot,No Rain,Moderate,10.9,Very Low
Beni Yakhlef,33.6555,-7.3221,2026-09-24,45,30.7,16.6,0.0,0,14.7,28.1,Hot,No Rain,Moderate,10.5,Very Low
Beni Yakhlef,33.6555,-7.3221,2026-09-25,45,27.0,19.3,0.0,0,15.6,30.6,Normal,No Rain,Moderate,11.4,Very Low
Sidi Yahya Zaer,33.7105,-6.8831,2026-09-19,2,31.8,16.9,0.0,0,15.4,31.7,Hot,No Rain,Moderate,10.9,Very Low
Sidi Yahya Zaer,33.7105,-6.8831,2026-09-20,2,35.1,20.3,0.0,0,18.1,37.1,Extreme Heat,No Rain,Moderate,16.9,Very Low
Sidi Yahya Zaer,33.7105,-6.8831,2026-09-21,1,34.4,20.4,0.0,0,17.1,34.6,Hot,No Rain,Moderate,10.9,Very Low
Sidi Yahya Zaer,33.7105,-6.8831,2026-09-22,0,33.6,20.1,0.0,0,16.3,32.8,Hot,No Rain,Moderate,9.9,Very Low
Sidi Yahya Zaer,33.7105,-6.8831,2026-09-23,0,33.5,16.9,0.0,0,16.5,34.2,Hot,No Rain,Moderate,9.9,Very Low
Sidi Yahya Zaer,33.7105,-6.8831,2026-09-24,3,31.6,16.5,0.0,0,15.1,30.6,Hot,No Rain,Moderate,10.9,Very Low
Sidi Yahya Zaer,33.7105,-6.8831,2026-09-25,45,27.2,15.6,0.0,0,16.3,32.0,Normal,No Rain,Moderate,11.4,Very Low
Ben Guerir,32.23,-7.95,2026-09-19,2,35.0,19.7,0.0,0,16.6,34.6,Hot,No Rain,Moderate,16.9,Very Low
Ben Guerir,32.23,-7.95,2026-09-20,2,35.6,23.5,0.0,8,19.7,40.3,Extreme Heat,No Rain,Moderate,17.74,Very Low
Ben Guerir,32.23,-7.95,2026-09-21,2,37.2,23.3,0.0,0,19.3,39.2,Extreme Heat,No Rain,Moderate,16.9,Very Low
Ben Guerir,32.23,-7.95,2026-09-22,3,36.4,21.6,0.0,0,16.4,32.8,Extreme Heat,No Rain,Moderate,16.9,Very Low
Ben Guerir,32.23,-7.95,2026-09-23,0,36.1,19.3,0.0,0,11.5,24.5,Extreme Heat,No Rain,Low,10.5,Very Low
Ben Guerir,32.23,-7.95,2026-09-24,3,36.5,21.6,0.0,0,20.1,35.6,Extreme Heat,No Rain,Moderate,20.5,Low
Ben Guerir,32.23,-7.95,2026-09-25,3,32.2,20.2,0.0,0,19.3,34.9,Hot,No Rain,Moderate,10.9,Very Low
Ait Ali,30.1739,-9.4881,2026-09-19,2,26.4,19.7,0.0,0,20.4,34.2,Normal,No Rain,Moderate,10.0,Very Low
Ait Ali,30.1739,-9.4881,2026-09-20,2,27.0,19.9,0.0,0,18.9,32.0,Normal,No Rain,Moderate,6.4,Very Low
Ait Ali,30.1739,-9.4881,2026-09-21,3,37.0,21.8,0.0,0,19.3,32.8,Extreme Heat,No Rain,Moderate,16.9,Very Low
Ait Ali,30.1739,-9.4881,2026-09-22,3,37.6,21.8,0.0,0,22.5,37.8,Extreme Heat,No Rain,Moderate,20.5,Low
Ait Ali,30.1739,-9.4881,2026-09-23,0,33.8,20.8,0.0,0,20.3,34.2,Hot,No Rain,Moderate,13.5,Very Low
Ait Ali,30.1739,-9.4881,2026-09-24,3,36.6,23.5,0.0,0,20.0,35.6,Extreme Heat,No Rain,Moderate,20.5,Low
Ait Ali,30.1739,-9.4881,2026-09-25,3,26.8,21.1,0.0,0,18.2,31.7,Normal,No Rain,Moderate,6.4,Very Low
My Drarga,30.3805,-9.4763,2026-09-19,45,26.0,20.1,0.0,0,17.7,38.5,Normal,No Rain,Moderate,11.4,Very Low
My Drarga,30.3805,-9.4763,2026-09-20,45,27.2,19.9,0.0,0,15.5,34.2,Normal,No Rain,Moderate,11.4,Very Low
My Drarga,30.3805,-9.4763,2026-09-21,3,35.0,21.9,0.0,0,12.4,26.3,Hot,No Rain,Low,11.5,Very Low
My Drarga,30.3805,-9.4763,2026-09-22,2,34.3,22.0,0.0,0,18.2,39.2,Hot,No Rain,Moderate,10.9,Very Low
My Drarga,30.3805,-9.4763,2026-09-23,0,33.5,21.2,0.0,0,13.8,29.5,Hot,No Rain,Moderate,4.5,Very Low
My Drarga,30.3805,-9.4763,2026-09-24,3,39.0,22.7,0.0,0,14.2,30.6,Extreme Heat,No Rain,Moderate,16.9,Very Low
My Drarga,30.3805,-9.4763,2026-09-25,45,31.1,21.0,0.0,0,14.0,28.1,Hot,No Rain,Moderate,10.5,Very Low
Lqoliaa,30.2942,-9.4544,2026-09-19,45,26.7,19.6,0.0,0,21.4,46.8,Normal,No Rain,Moderate,15.0,Very Low
Lqoliaa,30.2942,-9.4544,2026-09-20,45,27.4,19.8,0.0,0,19.5,42.5,Normal,No Rain,Moderate,11.4,Very Low
Lqoliaa,30.2942,-9.4544,2026-09-21,3,37.8,21.3,0.0,0,15.2,33.5,Extreme Heat,No Rain,Moderate,16.9,Very Low
Lqoliaa,30.2942,-9.4544,2026-09-22,2,37.7,21.2,0.0,0,21.3,46.4,Extreme Heat,No Rain,Moderate,20.5,Low
Lqoliaa,30.2942,-9.4544,2026-09-23,1,36.0,19.9,0.0,0,17.3,38.5,Extreme Heat,No Rain,Moderate,16.9,Very Low
Lqoliaa,30.2942,-9.4544,2026-09-24,3,37.0,21.9,0.0,0,17.2,38.9,Extreme Heat,No Rain,Moderate,16.9,Very Low
Lqoliaa,30.2942,-9.4544,2026-09-25,45,26.8,20.1,0.0,0,17.4,38.2,Normal,No Rain,Moderate,11.4,Very Low
El Kelaa des Srarhna,32.05,-7.4,2026-09-19,2,36.0,20.6,0.0,5,17.4,30.6,Extreme Heat,No Rain,Moderate,17.424999999999997,Very Low
El Kelaa des Srarhna,32.05,-7.4,2026-09-20,3,37.4,23.3,0.1,13,19.0,34.2,Extreme Heat,Light,Moderate,18.265,Very Low
El Kelaa des Srarhna,32.05,-7.4,2026-09-21,2,37.4,22.2,0.0,0,13.9,24.5,Extreme Heat,No Rain,Low,11.5,Very Low
El Kelaa des Srarhna,32.05,-7.4,2026-09-22,1,36.8,21.5,0.0,0,13.9,28.1,Extreme Heat,No Rain,Moderate,11.5,Very Low
El Kelaa des Srarhna,32.05,-7.4,2026-09-23,0,36.7,20.6,0.0,0,13.3,22.7,Extreme Heat,No Rain,Low,10.5,Very Low
El Kelaa des Srarhna,32.05,-7.4,2026-09-24,3,36.7,18.9,0.0,3,14.7,26.6,Extreme Heat,No Rain,Moderate,11.815,Very Low
El Kelaa des Srarhna,32.05,-7.4,2026-09-25,3,33.5,20.6,0.0,3,15.3,25.2,Hot,No Rain,Moderate,5.815,Very Low
Moulay Abdallah,33.1978,-8.5883,2026-09-19,2,26.9,20.0,0.0,0,18.1,28.4,Normal,No Rain,Moderate,1.0,Very Low
Moulay Abdallah,33.1978,-8.5883,2026-09-20,45,27.4,20.3,0.0,0,13.9,22.3,Normal,No Rain,Low,6.0,Very Low
Moulay Abdallah,33.1978,-8.5883,2026-09-21,45,28.6,20.8,0.0,0,14.1,22.0,Normal,No Rain,Low,6.0,Very Low
Moulay Abdallah,33.1978,-8.5883,2026-09-22,45,26.2,20.3,0.0,0,13.5,20.9,Normal,No Rain,Low,6.0,Very Low
Moulay Abdallah,33.1978,-8.5883,2026-09-23,45,26.8,20.8,0.0,0,13.5,20.5,Normal,No Rain,Low,6.0,Very Low
Moulay Abdallah,33.1978,-8.5883,2026-09-24,45,26.1,19.3,0.0,0,12.5,24.5,Normal,No Rain,Low,6.0,Very Low
Moulay Abdallah,33.1978,-8.5883,2026-09-25,45,25.3,19.6,0.0,0,11.5,23.4,Normal,No Rain,Low,6.0,Very Low
Tiflet,33.9,-6.33,2026-09-19,2,34.5,18.2,0.0,0,14.5,30.2,Hot,No Rain,Moderate,10.9,Very Low
Tiflet,33.9,-6.33,2026-09-20,2,36.7,21.4,0.0,0,17.2,37.1,Extreme Heat,No Rain,Moderate,16.9,Very Low
Tiflet,33.9,-6.33,2026-09-21,1,35.6,21.4,0.0,0,16.2,33.1,Extreme Heat,No Rain,Moderate,16.9,Very Low
Tiflet,33.9,-6.33,2026-09-22,0,34.5,20.0,0.0,0,14.6,30.2,Hot,No Rain,Moderate,9.9,Very Low
Tiflet,33.9,-6.33,2026-09-23,0,35.0,19.4,0.0,0,14.5,32.8,Hot,No Rain,Moderate,15.9,Very Low
Tiflet,33.9,-6.33,2026-09-24,2,34.6,19.2,0.0,0,16.1,33.8,Hot,No Rain,Moderate,10.9,Very Low
Tiflet,33.9,-6.33,2026-09-25,3,29.9,17.5,0.0,3,15.8,33.5,Normal,No Rain,Moderate,6.715,Very Low
Oulad Teïma,30.4,-9.21,2026-09-19,2,29.3,19.1,0.0,0,25.8,48.2,Normal,No Rain,Moderate,10.0,Very Low
Oulad Teïma,30.4,-9.21,2026-09-20,45,30.9,19.2,0.0,0,23.2,43.9,Hot,No Rain,Moderate,19.5,Very Low
Oulad Teïma,30.4,-9.21,2026-09-21,3,40.3,21.6,0.0,0,20.5,37.1,Extreme Heat,No Rain,Moderate,25.0,Low
Oulad Teïma,30.4,-9.21,2026-09-22,2,38.4,20.7,0.0,0,28.9,55.4,Extreme Heat,No Rain,Strong,27.7,Low
Oulad Teïma,30.4,-9.21,2026-09-23,0,39.2,19.4,0.0,0,24.0,44.6,Extreme Heat,No Rain,Moderate,19.5,Very Low
Oulad Teïma,30.4,-9.21,2026-09-24,3,39.0,22.5,0.0,0,26.4,43.6,Extreme Heat,No Rain,Moderate,20.5,Low
Oulad Teïma,30.4,-9.21,2026-09-25,45,29.4,19.8,0.0,0,28.3,48.6,Normal,No Rain,Moderate,15.0,Very Low
Berkane,34.9167,-2.3167,2026-09-19,45,26.9,20.2,0.0,13,19.7,41.0,Normal,No Rain,Moderate,12.765,Very Low
Berkane,34.9167,-2.3167,2026-09-20,45,27.4,20.9,0.1,3,18.4,39.2,Normal,Light,Moderate,11.715,Very Low
Berkane,34.9167,-2.3167,2026-09-21,45,26.7,19.4,0.0,13,21.2,43.2,Normal,No Rain,Moderate,16.365000000000002,Very Low
Berkane,34.9167,-2.3167,2026-09-22,2,26.8,16.4,0.0,0,15.3,35.3,Normal,No Rain,Moderate,6.4,Very Low
Berkane,34.9167,-2.3167,2026-09-23,1,27.1,17.6,0.0,0,14.7,32.8,Normal,No Rain,Moderate,6.4,Very Low
Berkane,34.9167,-2.3167,2026-09-24,1,30.1,18.4,0.0,0,14.0,27.0,Hot,No Rain,Moderate,5.5,Very Low
Berkane,34.9167,-2.3167,2026-09-25,3,30.6,20.6,0.0,0,12.0,24.1,Hot,No Rain,Low,5.5,Very Low
Ain El Aouda,33.8111,-6.7922,2026-09-19,2,32.2,15.8,0.0,0,15.8,31.3,Hot,No Rain,Moderate,10.9,Very Low
Ain El Aouda,33.8111,-6.7922,2026-09-20,2,35.0,18.9,0.0,0,17.1,34.9,Hot,No Rain,Moderate,16.9,Very Low
Ain El Aouda,33.8111,-6.7922,2026-09-21,1,34.1,19.6,0.0,0,15.9,31.3,Hot,No Rain,Moderate,10.9,Very Low
Ain El Aouda,33.8111,-6.7922,2026-09-22,0,33.4,19.4,0.0,0,14.0,28.8,Hot,No Rain,Moderate,4.5,Very Low
Ain El Aouda,33.8111,-6.7922,2026-09-23,0,33.2,16.3,0.0,0,15.6,31.0,Hot,No Rain,Moderate,9.9,Very Low
Ain El Aouda,33.8111,-6.7922,2026-09-24,3,32.5,16.9,0.0,0,15.6,30.2,Hot,No Rain,Moderate,10.9,Very Low
Ain El Aouda,33.8111,-6.7922,2026-09-25,45,28.7,16.5,0.0,3,15.3,30.2,Normal,No Rain,Moderate,11.715,Very Low
Errachidia,31.9319,-4.4244,2026-09-19,81,29.2,19.2,11.8,65,17.6,35.3,Normal,Heavy,Moderate,39.475,Low
Errachidia,31.9319,-4.4244,2026-09-20,80,29.3,18.6,0.4,23,12.3,23.4,Normal,Light,Low,14.415,Very Low
Errachidia,31.9319,-4.4244,2026-09-21,2,32.1,19.3,0.0,14,19.8,43.2,Hot,No Rain,Moderate,12.37,Very Low
Errachidia,31.9319,-4.4244,2026-09-22,2,29.5,17.4,0.0,2,10.5,25.2,Normal,No Rain,Low,1.21,Very Low
Errachidia,31.9319,-4.4244,2026-09-23,1,29.9,17.4,0.0,3,14.3,27.7,Normal,No Rain,Moderate,1.315,Very Low
Errachidia,31.9319,-4.4244,2026-09-24,1,30.3,17.9,0.0,0,12.5,23.4,Hot,No Rain,Low,5.5,Very Low
Errachidia,31.9319,-4.4244,2026-09-25,3,30.1,18.3,0.3,18,21.1,35.3,Hot,Light,Moderate,16.39,Very Low
Al Fqih Ben Çalah,32.507,-6.6886,2026-09-19,2,37.5,20.1,0.0,0,18.1,33.5,Extreme Heat,No Rain,Moderate,16.9,Very Low
Al Fqih Ben Çalah,32.507,-6.6886,2026-09-20,3,38.8,22.5,0.0,8,22.2,41.8,Extreme Heat,No Rain,Moderate,21.34,Low
Al Fqih Ben Çalah,32.507,-6.6886,2026-09-21,3,37.4,20.5,0.0,0,17.1,32.0,Extreme Heat,No Rain,Moderate,16.9,Very Low
Al Fqih Ben Çalah,32.507,-6.6886,2026-09-22,2,37.1,19.8,0.0,0,12.1,24.1,Extreme Heat,No Rain,Low,11.5,Very Low
Al Fqih Ben Çalah,32.507,-6.6886,2026-09-23,0,37.1,18.9,0.0,0,9.1,18.7,Extreme Heat,No Rain,Low,10.5,Very Low
Al Fqih Ben Çalah,32.507,-6.6886,2026-09-24,1,37.5,17.7,0.0,0,13.7,24.8,Extreme Heat,No Rain,Low,11.5,Very Low
Al Fqih Ben Çalah,32.507,-6.6886,2026-09-25,3,35.2,18.9,0.0,3,11.6,20.5,Extreme Heat,No Rain,Low,11.815,Very Low
Ad Darwa,33.4167,-7.5333,2026-09-19,45,30.4,17.6,0.0,0,15.7,31.3,Hot,No Rain,Moderate,15.9,Very Low
Ad Darwa,33.4167,-7.5333,2026-09-20,1,34.7,19.1,0.0,0,16.0,32.0,Hot,No Rain,Moderate,10.9,Very Low
Ad Darwa,33.4167,-7.5333,2026-09-21,45,34.3,19.5,0.0,0,15.1,30.6,Hot,No Rain,Moderate,15.9,Very Low
Ad Darwa,33.4167,-7.5333,2026-09-22,1,33.7,19.2,0.0,0,16.7,32.4,Hot,No Rain,Moderate,10.9,Very Low
Ad Darwa,33.4167,-7.5333,2026-09-23,45,33.0,17.3,0.0,0,14.8,29.5,Hot,No Rain,Moderate,10.5,Very Low
Ad Darwa,33.4167,-7.5333,2026-09-24,45,34.1,16.1,0.0,0,17.3,34.2,Hot,No Rain,Moderate,15.9,Very Low
Ad Darwa,33.4167,-7.5333,2026-09-25,45,29.2,19.1,0.0,3,15.5,32.0,Normal,No Rain,Moderate,11.715,Very Low
Martil,35.61,-5.27,2026-09-19,80,24.4,22.0,4.1,40,26.8,57.2,Normal,Moderate,Strong,37.3,Low
Martil,35.61,-5.27,2026-09-20,80,24.6,22.9,2.3,45,23.4,50.4,Normal,Light,Moderate,32.925,Low
Martil,35.61,-5.27,2026-09-21,2,25.6,21.7,0.0,8,21.7,48.6,Normal,No Rain,Moderate,10.84,Very Low
Martil,35.61,-5.27,2026-09-22,2,24.7,21.1,0.0,0,18.4,40.0,Normal,No Rain,Moderate,6.4,Very Low
Martil,35.61,-5.27,2026-09-23,2,24.8,20.5,0.0,0,17.3,37.4,Normal,No Rain,Moderate,6.4,Very Low
Martil,35.61,-5.27,2026-09-24,45,25.3,20.3,0.0,0,13.6,24.1,Normal,No Rain,Low,6.0,Very Low
Martil,35.61,-5.27,2026-09-25,45,29.4,20.0,0.0,0,8.3,14.4,Normal,No Rain,Low,6.0,Very Low
Sidi Slimane,34.26,-5.93,2026-09-19,1,37.2,19.2,0.0,0,16.3,35.6,Extreme Heat,No Rain,Moderate,16.9,Very Low
Sidi Slimane,34.26,-5.93,2026-09-20,0,38.6,23.9,0.0,0,16.2,34.6,Extreme Heat,No Rain,Moderate,15.9,Very Low
Sidi Slimane,34.26,-5.93,2026-09-21,0,37.7,22.3,0.0,0,12.7,29.2,Extreme Heat,No Rain,Moderate,10.5,Very Low
Sidi Slimane,34.26,-5.93,2026-09-22,0,36.8,22.1,0.0,0,12.6,28.8,Extreme Heat,No Rain,Moderate,10.5,Very Low
Sidi Slimane,34.26,-5.93,2026-09-23,0,37.0,18.0,0.0,0,12.5,35.3,Extreme Heat,No Rain,Moderate,15.9,Very Low
Sidi Slimane,34.26,-5.93,2026-09-24,2,35.3,17.5,0.0,0,17.1,32.4,Extreme Heat,No Rain,Moderate,16.9,Very Low
Sidi Slimane,34.26,-5.93,2026-09-25,45,30.5,19.8,0.0,3,17.1,31.7,Hot,No Rain,Moderate,16.215,Very Low
Oued Zem,32.8619,-6.5711,2026-09-19,2,34.3,19.6,0.0,0,19.3,42.8,Hot,No Rain,Moderate,10.9,Very Low
Oued Zem,32.8619,-6.5711,2026-09-20,80,35.2,22.1,0.1,8,19.9,49.7,Extreme Heat,Light,Moderate,28.74,Low
Oued Zem,32.8619,-6.5711,2026-09-21,3,34.5,21.7,0.0,3,22.9,48.6,Hot,No Rain,Moderate,14.815,Very Low
Oued Zem,32.8619,-6.5711,2026-09-22,2,33.9,21.8,0.0,0,14.5,32.4,Hot,No Rain,Moderate,10.9,Very Low
Oued Zem,32.8619,-6.5711,2026-09-23,0,34.1,19.8,0.0,0,11.3,29.5,Hot,No Rain,Moderate,4.5,Very Low
Oued Zem,32.8619,-6.5711,2026-09-24,2,33.5,19.2,0.0,0,12.7,27.0,Hot,No Rain,Low,5.5,Very Low
Oued Zem,32.8619,-6.5711,2026-09-25,3,31.6,18.4,0.0,0,16.5,34.2,Hot,No Rain,Moderate,10.9,Very Low
Sefrou,33.83,-4.83,2026-09-19,80,32.0,20.0,0.6000000000000001,13,17.4,40.3,Hot,Light,Moderate,23.265,Low
Sefrou,33.83,-4.83,2026-09-20,1,31.8,20.5,0.0,0,17.4,38.9,Hot,No Rain,Moderate,10.9,Very Low
Sefrou,33.83,-4.83,2026-09-21,1,30.7,20.4,0.0,0,16.5,36.0,Hot,No Rain,Moderate,10.9,Very Low
Sefrou,33.83,-4.83,2026-09-22,0,29.6,18.8,0.0,0,16.3,35.6,Normal,No Rain,Moderate,5.4,Very Low
Sefrou,33.83,-4.83,2026-09-23,0,31.1,19.9,0.0,0,14.8,32.0,Hot,No Rain,Moderate,9.9,Very Low
Sefrou,33.83,-4.83,2026-09-24,2,33.1,18.1,0.0,0,15.8,31.7,Hot,No Rain,Moderate,10.9,Very Low
Sefrou,33.83,-4.83,2026-09-25,3,31.2,16.8,0.0,0,18.9,36.4,Hot,No Rain,Moderate,10.9,Very Low
Taroudannt,30.4711,-8.8778,2026-09-19,2,32.1,20.9,0.0,0,22.9,46.4,Hot,No Rain,Moderate,14.5,Very Low
Taroudannt,30.4711,-8.8778,2026-09-20,2,33.6,19.8,0.0,0,21.1,43.2,Hot,No Rain,Moderate,14.5,Very Low
Taroudannt,30.4711,-8.8778,2026-09-21,3,39.9,23.3,0.0,0,25.0,49.0,Extreme Heat,No Rain,Moderate,20.5,Low
Taroudannt,30.4711,-8.8778,2026-09-22,2,38.9,22.2,0.0,0,29.7,61.9,Extreme Heat,No Rain,Strong,27.7,Low
Taroudannt,30.4711,-8.8778,2026-09-23,0,39.9,21.1,0.0,0,25.0,49.3,Extreme Heat,No Rain,Moderate,19.5,Very Low
Taroudannt,30.4711,-8.8778,2026-09-24,3,40.5,21.8,0.0,0,26.4,49.3,Extreme Heat,No Rain,Moderate,25.0,Low
Taroudannt,30.4711,-8.8778,2026-09-25,3,34.1,20.3,0.0,3,28.7,50.8,Hot,No Rain,Moderate,22.015,Low
Essaouira,31.513,-9.7687,2026-09-19,2,24.5,18.5,0.0,0,21.3,40.7,Normal,No Rain,Moderate,10.0,Very Low
Essaouira,31.513,-9.7687,2026-09-20,2,24.4,18.9,0.0,0,13.4,26.3,Normal,No Rain,Low,1.0,Very Low
Essaouira,31.513,-9.7687,2026-09-21,3,25.4,19.1,0.0,0,8.6,17.6,Normal,No Rain,Low,1.0,Very Low
Essaouira,31.513,-9.7687,2026-09-22,45,23.5,17.9,0.0,0,10.7,22.0,Normal,No Rain,Low,6.0,Very Low
Essaouira,31.513,-9.7687,2026-09-23,45,23.4,17.5,0.0,0,10.0,19.8,Normal,No Rain,Low,6.0,Very Low
Essaouira,31.513,-9.7687,2026-09-24,3,28.6,20.1,0.0,0,10.0,20.2,Normal,No Rain,Low,1.0,Very Low
Essaouira,31.513,-9.7687,2026-09-25,3,26.6,19.7,0.0,0,15.3,30.6,Normal,No Rain,Moderate,6.4,Very Low
Azrou,33.4344,-5.2213,2026-09-19,3,28.2,19.0,0.2,38,15.3,38.2,Normal,Light,Moderate,10.39,Very Low
Azrou,33.4344,-5.2213,2026-09-20,3,29.0,18.0,0.0,3,20.6,45.4,Normal,No Rain,Moderate,10.315,Very Low
Azrou,33.4344,-5.2213,2026-09-21,2,28.3,17.1,0.0,0,18.7,41.8,Normal,No Rain,Moderate,6.4,Very Low
Azrou,33.4344,-5.2213,2026-09-22,0,27.2,15.0,0.0,0,15.5,38.2,Normal,No Rain,Moderate,5.4,Very Low
Azrou,33.4344,-5.2213,2026-09-23,0,28.4,15.8,0.0,0,10.8,28.1,Normal,No Rain,Low,0.0,Very Low
Azrou,33.4344,-5.2213,2026-09-24,2,28.8,18.0,0.0,0,15.5,36.7,Normal,No Rain,Moderate,6.4,Very Low
Azrou,33.4344,-5.2213,2026-09-25,3,28.4,18.2,0.0,5,15.1,40.7,Normal,No Rain,Moderate,6.924999999999999,Very Low
Guercif,34.23,-3.36,2026-09-19,3,30.6,20.9,0.0,23,29.7,58.0,Hot,No Rain,Strong,24.115,Low
Guercif,34.23,-3.36,2026-09-20,3,31.6,21.2,0.0,0,30.3,57.6,Hot,No Rain,Strong,21.7,Low
Guercif,34.23,-3.36,2026-09-21,3,29.3,20.3,0.0,0,26.8,50.4,Normal,No Rain,Moderate,17.2,Very Low
Guercif,34.23,-3.36,2026-09-22,45,30.8,16.4,0.0,0,23.7,46.4,Hot,No Rain,Moderate,19.5,Very Low
Guercif,34.23,-3.36,2026-09-23,1,32.9,17.1,0.0,0,23.3,49.3,Hot,No Rain,Moderate,14.5,Very Low
Guercif,34.23,-3.36,2026-09-24,0,35.5,18.1,0.0,0,20.6,33.5,Extreme Heat,No Rain,Moderate,19.5,Very Low
Guercif,34.23,-3.36,2026-09-25,3,36.5,20.2,0.0,0,23.9,42.1,Extreme Heat,No Rain,Moderate,20.5,Low
Warzat,30.9167,-6.9167000000000005,2026-09-19,3,31.0,19.1,0.1,30,18.4,33.1,Hot,Light,Moderate,14.05,Very Low
Warzat,30.9167,-6.9167000000000005,2026-09-20,3,31.6,19.6,0.1,28,21.9,38.9,Hot,Light,Moderate,17.439999999999998,Very Low
Warzat,30.9167,-6.9167000000000005,2026-09-21,3,32.7,18.8,0.0,5,24.8,43.9,Hot,No Rain,Moderate,15.025,Very Low
Warzat,30.9167,-6.9167000000000005,2026-09-22,1,33.4,17.4,0.0,0,34.8,62.3,Hot,No Rain,Strong,21.7,Low
Warzat,30.9167,-6.9167000000000005,2026-09-23,1,32.5,16.7,0.0,0,22.8,38.9,Hot,No Rain,Moderate,14.5,Very Low
Warzat,30.9167,-6.9167000000000005,2026-09-24,3,32.9,16.6,0.0,0,12.7,20.9,Hot,No Rain,Low,5.5,Very Low
Warzat,30.9167,-6.9167000000000005,2026-09-25,80,29.4,18.0,3.9,14,10.2,26.6,Normal,Moderate,Low,18.37,Very Low
Fnidq,35.8414,-5.3587,2026-09-19,80,24.2,21.3,1.6,40,24.3,47.5,Normal,Light,Moderate,25.2,Low
Fnidq,35.8414,-5.3587,2026-09-20,80,24.3,22.0,3.3,45,22.0,43.9,Normal,Moderate,Moderate,30.625,Low
Fnidq,35.8414,-5.3587,2026-09-21,2,25.2,21.3,0.0,8,19.9,37.8,Normal,No Rain,Moderate,7.239999999999999,Very Low
Fnidq,35.8414,-5.3587,2026-09-22,2,24.4,20.8,0.0,0,19.7,38.2,Normal,No Rain,Moderate,6.4,Very Low
Fnidq,35.8414,-5.3587,2026-09-23,2,24.3,20.5,0.0,0,16.7,33.8,Normal,No Rain,Moderate,6.4,Very Low
Fnidq,35.8414,-5.3587,2026-09-24,45,25.2,20.2,0.0,0,13.6,24.1,Normal,No Rain,Low,6.0,Very Low
Fnidq,35.8414,-5.3587,2026-09-25,45,29.4,19.9,0.0,0,8.3,14.4,Normal,No Rain,Low,6.0,Very Low
Tan-Tan,28.4333,-11.1,2026-09-19,3,26.9,19.3,0.0,0,20.8,39.2,Normal,No Rain,Moderate,10.0,Very Low
Tan-Tan,28.4333,-11.1,2026-09-20,3,31.7,18.0,0.0,0,18.0,34.9,Hot,No Rain,Moderate,10.9,Very Low
Tan-Tan,28.4333,-11.1,2026-09-21,1,35.8,18.7,0.0,0,24.5,45.0,Extreme Heat,No Rain,Moderate,20.5,Low
Tan-Tan,28.4333,-11.1,2026-09-22,1,35.0,18.8,0.0,0,22.8,41.4,Hot,No Rain,Moderate,20.5,Low
Tan-Tan,28.4333,-11.1,2026-09-23,1,37.3,25.3,0.0,0,21.8,42.8,Extreme Heat,No Rain,Moderate,20.5,Low
Tan-Tan,28.4333,-11.1,2026-09-24,0,38.3,23.4,0.0,2,22.6,40.7,Extreme Heat,No Rain,Moderate,19.71,Very Low
Tan-Tan,28.4333,-11.1,2026-09-25,2,31.3,17.9,0.0,2,14.3,38.5,Hot,No Rain,Moderate,11.11,Very Low
Sidi Qacem,34.21,-5.7,2026-09-19,1,36.6,20.9,0.0,0,17.1,37.1,Extreme Heat,No Rain,Moderate,16.9,Very Low
Sidi Qacem,34.21,-5.7,2026-09-20,0,37.7,25.1,0.0,0,16.2,35.3,Extreme Heat,No Rain,Moderate,15.9,Very Low
Sidi Qacem,34.21,-5.7,2026-09-21,0,37.0,23.9,0.0,0,13.1,29.5,Extreme Heat,No Rain,Moderate,10.5,Very Low
Sidi Qacem,34.21,-5.7,2026-09-22,0,36.0,23.5,0.0,0,10.7,24.8,Extreme Heat,No Rain,Low,10.5,Very Low
Sidi Qacem,34.21,-5.7,2026-09-23,0,36.6,20.7,0.0,0,8.7,21.6,Extreme Heat,No Rain,Low,10.5,Very Low
Sidi Qacem,34.21,-5.7,2026-09-24,1,36.4,19.3,0.0,0,15.4,35.3,Extreme Heat,No Rain,Moderate,16.9,Very Low
Sidi Qacem,34.21,-5.7,2026-09-25,45,31.4,18.8,0.0,3,16.3,33.8,Hot,No Rain,Moderate,16.215,Very Low
M’diq,35.68,-5.32,2026-09-19,80,24.3,21.9,4.1,0,26.8,57.2,Normal,Moderate,Strong,33.099999999999994,Low
M’diq,35.68,-5.32,2026-09-20,80,24.4,22.8,2.3,0,23.4,50.4,Normal,Light,Moderate,28.2,Low
M’diq,35.68,-5.32,2026-09-21,2,25.5,21.5,0.0,0,21.7,48.6,Normal,No Rain,Moderate,10.0,Very Low
M’diq,35.68,-5.32,2026-09-22,2,24.6,21.0,0.0,0,18.4,40.0,Normal,No Rain,Moderate,6.4,Very Low
M’diq,35.68,-5.32,2026-09-23,2,24.7,20.4,0.0,0,17.3,37.4,Normal,No Rain,Moderate,6.4,Very Low
M’diq,35.68,-5.32,2026-09-24,45,27.5,21.3,0.0,0,16.5,40.0,Normal,No Rain,Moderate,11.4,Very Low
M’diq,35.68,-5.32,2026-09-25,45,30.4,19.9,0.0,0,9.4,19.8,Hot,No Rain,Low,10.5,Very Low
Youssoufia,32.25,-8.53,2026-09-19,2,34.2,17.4,0.0,0,16.4,34.2,Hot,No Rain,Moderate,10.9,Very Low
Youssoufia,32.25,-8.53,2026-09-20,2,34.9,21.7,0.0,3,18.3,38.9,Hot,No Rain,Moderate,11.215,Very Low
Youssoufia,32.25,-8.53,2026-09-21,3,37.5,22.5,0.0,0,16.3,35.6,Extreme Heat,No Rain,Moderate,16.9,Very Low
Youssoufia,32.25,-8.53,2026-09-22,1,36.9,21.1,0.0,0,16.3,38.5,Extreme Heat,No Rain,Moderate,16.9,Very Low
Youssoufia,32.25,-8.53,2026-09-23,1,36.0,17.2,0.0,0,14.0,30.6,Extreme Heat,No Rain,Moderate,16.9,Very Low
Youssoufia,32.25,-8.53,2026-09-24,3,35.9,19.8,0.0,0,19.6,36.7,Extreme Heat,No Rain,Moderate,16.9,Very Low
Youssoufia,32.25,-8.53,2026-09-25,3,30.7,19.7,0.0,3,20.6,37.8,Hot,No Rain,Moderate,14.815,Very Low
Midalt,32.68,-4.74,2026-09-19,80,26.7,13.3,1.2,58,22.8,42.5,Normal,Light,Moderate,30.09,Low
Midalt,32.68,-4.74,2026-09-20,45,29.0,13.5,0.0,25,21.2,46.1,Normal,No Rain,Moderate,20.625,Low
Midalt,32.68,-4.74,2026-09-21,3,28.9,15.0,0.0,3,27.9,48.2,Normal,No Rain,Moderate,10.315,Very Low
Midalt,32.68,-4.74,2026-09-22,3,28.0,13.6,0.0,1,23.5,38.2,Normal,No Rain,Moderate,13.105,Very Low
Midalt,32.68,-4.74,2026-09-23,2,28.1,13.1,0.0,0,12.2,15.1,Normal,No Rain,Low,4.0,Very Low
Midalt,32.68,-4.74,2026-09-24,1,29.4,12.4,0.0,0,23.6,38.2,Normal,No Rain,Moderate,13.0,Very Low
Midalt,32.68,-4.74,2026-09-25,3,29.3,12.2,0.6000000000000001,5,11.2,20.5,Normal,Light,Low,4.525,Very Low
Aïn Harrouda,33.6372,-7.4483,2026-09-19,45,27.2,17.3,0.0,0,12.4,33.8,Normal,No Rain,Moderate,11.4,Very Low
Aïn Harrouda,33.6372,-7.4483,2026-09-20,45,30.3,19.1,0.0,0,11.5,31.3,Hot,No Rain,Moderate,15.9,Very Low
Aïn Harrouda,33.6372,-7.4483,2026-09-21,45,29.5,20.2,0.0,0,12.0,33.1,Normal,No Rain,Moderate,11.4,Very Low
Aïn Harrouda,33.6372,-7.4483,2026-09-22,0,29.7,20.2,0.0,0,11.4,32.0,Normal,No Rain,Moderate,5.4,Very Low
Aïn Harrouda,33.6372,-7.4483,2026-09-23,45,28.7,18.0,0.0,0,11.9,31.7,Normal,No Rain,Moderate,11.4,Very Low
Aïn Harrouda,33.6372,-7.4483,2026-09-24,45,28.2,17.4,0.0,0,11.8,27.4,Normal,No Rain,Low,6.0,Very Low
Aïn Harrouda,33.6372,-7.4483,2026-09-25,45,26.0,20.0,0.0,0,12.3,30.6,Normal,No Rain,Moderate,11.4,Very Low
Souq Sebt Oulad Nemma,32.3,-6.7,2026-09-19,3,38.0,20.8,0.0,0,14.8,29.9,Extreme Heat,No Rain,Moderate,11.5,Very Low
Souq Sebt Oulad Nemma,32.3,-6.7,2026-09-20,3,38.8,22.4,0.2,5,17.5,32.4,Extreme Heat,Light,Moderate,17.424999999999997,Very Low
Souq Sebt Oulad Nemma,32.3,-6.7,2026-09-21,3,37.7,22.5,0.0,0,14.7,26.3,Extreme Heat,No Rain,Moderate,11.5,Very Low
Souq Sebt Oulad Nemma,32.3,-6.7,2026-09-22,2,37.4,23.0,0.0,0,11.9,21.2,Extreme Heat,No Rain,Low,11.5,Very Low
Souq Sebt Oulad Nemma,32.3,-6.7,2026-09-23,0,37.6,20.6,0.0,0,11.0,20.9,Extreme Heat,No Rain,Low,10.5,Very Low
Souq Sebt Oulad Nemma,32.3,-6.7,2026-09-24,1,37.7,18.2,0.0,0,13.4,24.1,Extreme Heat,No Rain,Low,11.5,Very Low
Souq Sebt Oulad Nemma,32.3,-6.7,2026-09-25,3,35.4,20.6,0.0,3,11.9,22.0,Extreme Heat,No Rain,Low,11.815,Very Low
Mehdya,34.2557,-6.6745,2026-09-19,1,32.5,18.0,0.0,0,15.6,34.2,Hot,No Rain,Moderate,10.9,Very Low
Mehdya,34.2557,-6.6745,2026-09-20,0,35.2,20.4,0.0,0,12.0,30.6,Extreme Heat,No Rain,Moderate,15.9,Very Low
Mehdya,34.2557,-6.6745,2026-09-21,1,33.0,20.7,0.0,0,13.0,30.2,Hot,No Rain,Moderate,10.9,Very Low
Mehdya,34.2557,-6.6745,2026-09-22,0,31.9,20.6,0.0,0,11.9,29.5,Hot,No Rain,Moderate,4.5,Very Low
Mehdya,34.2557,-6.6745,2026-09-23,0,29.1,18.2,0.0,0,11.5,26.6,Normal,No Rain,Low,0.0,Very Low
Mehdya,34.2557,-6.6745,2026-09-24,45,28.1,17.9,0.0,0,10.9,26.3,Normal,No Rain,Low,6.0,Very Low
Mehdya,34.2557,-6.6745,2026-09-25,45,25.9,20.1,0.0,0,10.7,26.3,Normal,No Rain,Low,6.0,Very Low
Ouezzane,34.8,-5.6,2026-09-19,2,35.4,17.7,0.0,0,16.3,30.2,Extreme Heat,No Rain,Moderate,16.9,Very Low
Ouezzane,34.8,-5.6,2026-09-20,2,36.3,21.2,0.0,0,14.4,28.1,Extreme Heat,No Rain,Moderate,11.5,Very Low
Ouezzane,34.8,-5.6,2026-09-21,1,35.5,20.4,0.0,0,11.5,23.8,Extreme Heat,No Rain,Low,11.5,Very Low
Ouezzane,34.8,-5.6,2026-09-22,0,34.8,17.8,0.0,0,9.8,21.6,Hot,No Rain,Low,4.5,Very Low
Ouezzane,34.8,-5.6,2026-09-23,0,35.2,17.5,0.0,0,14.3,26.6,Extreme Heat,No Rain,Moderate,10.5,Very Low
Ouezzane,34.8,-5.6,2026-09-24,1,35.8,18.3,0.0,0,12.9,31.7,Extreme Heat,No Rain,Moderate,16.9,Very Low
Ouezzane,34.8,-5.6,2026-09-25,45,31.3,17.7,0.0,3,15.3,32.0,Hot,No Rain,Moderate,16.215,Very Low
Semara,26.7394,-11.6703,2026-09-19,51,32.0,19.7,0.1,0,18.6,28.4,Hot,Light,Moderate,10.5,Very Low
Semara,26.7394,-11.6703,2026-09-20,2,37.8,18.9,0.0,0,21.7,37.8,Extreme Heat,No Rain,Moderate,20.5,Low
Semara,26.7394,-11.6703,2026-09-21,3,41.9,25.2,0.0,10,23.8,41.4,Extreme Heat,No Rain,Moderate,26.05,Low
Semara,26.7394,-11.6703,2026-09-22,0,41.6,25.0,0.0,2,25.3,47.9,Extreme Heat,No Rain,Moderate,24.21,Low
Semara,26.7394,-11.6703,2026-09-23,1,41.7,27.2,0.0,2,24.2,46.8,Extreme Heat,No Rain,Moderate,25.21,Low
Semara,26.7394,-11.6703,2026-09-24,0,41.7,26.9,0.0,2,29.0,44.6,Extreme Heat,No Rain,Moderate,24.21,Low
Semara,26.7394,-11.6703,2026-09-25,3,40.1,25.0,0.0,2,25.3,51.5,Extreme Heat,No Rain,Moderate,32.41,Low
Ait Ourir,31.5644,-7.6628,2026-09-19,3,34.8,19.9,0.0,18,30.3,64.1,Hot,No Rain,Strong,23.59,Low
Ait Ourir,31.5644,-7.6628,2026-09-20,3,35.6,23.3,0.1,23,13.0,25.9,Extreme Heat,Light,Low,13.915,Very Low
Ait Ourir,31.5644,-7.6628,2026-09-21,3,35.6,22.3,0.0,3,17.0,32.0,Extreme Heat,No Rain,Moderate,17.215,Very Low
Ait Ourir,31.5644,-7.6628,2026-09-22,3,35.4,22.2,0.0,1,17.0,32.4,Extreme Heat,No Rain,Moderate,17.005,Very Low
Ait Ourir,31.5644,-7.6628,2026-09-23,0,35.2,19.8,0.0,2,15.1,28.4,Extreme Heat,No Rain,Moderate,10.71,Very Low
Ait Ourir,31.5644,-7.6628,2026-09-24,1,35.7,19.5,0.0,3,14.3,27.7,Extreme Heat,No Rain,Moderate,11.815,Very Low
Ait Ourir,31.5644,-7.6628,2026-09-25,3,32.9,19.7,0.0,5,11.6,23.0,Hot,No Rain,Low,6.025,Very Low
Oulad Tayeb,33.9598,-4.9954,2026-09-19,2,33.1,19.7,0.1,5,21.7,42.5,Hot,Light,Moderate,15.025,Very Low
Oulad Tayeb,33.9598,-4.9954,2026-09-20,1,34.9,20.3,0.0,0,15.9,30.6,Hot,No Rain,Moderate,10.9,Very Low
Oulad Tayeb,33.9598,-4.9954,2026-09-21,1,34.1,20.5,0.0,0,14.1,27.7,Hot,No Rain,Moderate,5.5,Very Low
Oulad Tayeb,33.9598,-4.9954,2026-09-22,0,33.0,19.4,0.0,0,12.5,25.2,Hot,No Rain,Low,4.5,Very Low
Oulad Tayeb,33.9598,-4.9954,2026-09-23,0,34.5,18.3,0.0,0,11.4,23.4,Hot,No Rain,Low,4.5,Very Low
Oulad Tayeb,33.9598,-4.9954,2026-09-24,2,35.2,19.5,0.0,0,13.7,33.5,Extreme Heat,No Rain,Moderate,16.9,Very Low
Oulad Tayeb,33.9598,-4.9954,2026-09-25,3,32.7,19.2,0.0,0,16.3,40.3,Hot,No Rain,Moderate,10.9,Very Low
Tit Mellil,33.5533,-7.4822,2026-09-19,45,27.5,17.4,0.0,0,13.1,35.3,Normal,No Rain,Moderate,11.4,Very Low
Tit Mellil,33.5533,-7.4822,2026-09-20,1,31.1,18.9,0.0,0,12.2,33.1,Hot,No Rain,Moderate,10.9,Very Low
Tit Mellil,33.5533,-7.4822,2026-09-21,45,30.5,19.9,0.0,0,12.9,35.6,Hot,No Rain,Moderate,15.9,Very Low
Tit Mellil,33.5533,-7.4822,2026-09-22,1,30.4,19.8,0.0,0,12.3,33.8,Hot,No Rain,Moderate,10.9,Very Low
Tit Mellil,33.5533,-7.4822,2026-09-23,45,29.5,17.8,0.0,0,12.2,33.5,Normal,No Rain,Moderate,11.4,Very Low
Tit Mellil,33.5533,-7.4822,2026-09-24,45,28.7,17.2,0.0,0,11.3,30.2,Normal,No Rain,Moderate,11.4,Very Low
Tit Mellil,33.5533,-7.4822,2026-09-25,45,25.9,19.4,0.0,3,12.0,33.1,Normal,No Rain,Moderate,11.715,Very Low
Sidi Bennour,32.655,-8.4292,2026-09-19,3,33.6,16.6,0.0,0,19.1,33.8,Hot,No Rain,Moderate,10.9,Very Low
Sidi Bennour,32.655,-8.4292,2026-09-20,2,35.2,18.8,0.0,0,17.6,30.2,Extreme Heat,No Rain,Moderate,16.9,Very Low
Sidi Bennour,32.655,-8.4292,2026-09-21,3,37.8,19.6,0.0,0,17.8,31.7,Extreme Heat,No Rain,Moderate,16.9,Very Low
Sidi Bennour,32.655,-8.4292,2026-09-22,45,36.4,18.1,0.0,0,16.2,30.6,Extreme Heat,No Rain,Moderate,21.9,Low
Sidi Bennour,32.655,-8.4292,2026-09-23,45,35.8,18.3,0.0,0,13.8,27.7,Extreme Heat,No Rain,Moderate,16.5,Very Low
Sidi Bennour,32.655,-8.4292,2026-09-24,3,34.6,16.6,0.0,3,17.4,32.8,Hot,No Rain,Moderate,11.215,Very Low
Sidi Bennour,32.655,-8.4292,2026-09-25,45,29.4,18.4,0.0,3,18.1,33.5,Normal,No Rain,Moderate,11.715,Very Low
Temsia,30.3633,-9.4144,2026-09-19,45,27.0,19.8,0.0,0,22.2,47.2,Normal,No Rain,Moderate,15.0,Very Low
Temsia,30.3633,-9.4144,2026-09-20,45,28.3,19.7,0.0,0,19.5,41.8,Normal,No Rain,Moderate,11.4,Very Low
Temsia,30.3633,-9.4144,2026-09-21,3,37.9,22.1,0.0,0,15.5,33.5,Extreme Heat,No Rain,Moderate,16.9,Very Low
Temsia,30.3633,-9.4144,2026-09-22,2,37.7,21.7,0.0,0,21.7,46.4,Extreme Heat,No Rain,Moderate,20.5,Low
Temsia,30.3633,-9.4144,2026-09-23,1,37.0,20.9,0.0,0,17.8,38.5,Extreme Heat,No Rain,Moderate,16.9,Very Low
Temsia,30.3633,-9.4144,2026-09-24,3,39.5,22.4,0.0,0,26.4,43.6,Extreme Heat,No Rain,Moderate,20.5,Low
Temsia,30.3633,-9.4144,2026-09-25,45,29.9,20.3,0.0,0,28.3,48.6,Normal,No Rain,Moderate,15.0,Very Low
Biougra,30.2144,-9.3708,2026-09-19,2,27.8,19.7,0.0,0,21.7,36.4,Normal,No Rain,Moderate,10.0,Very Low
Biougra,30.2144,-9.3708,2026-09-20,2,28.8,19.9,0.0,0,19.1,32.8,Normal,No Rain,Moderate,6.4,Very Low
Biougra,30.2144,-9.3708,2026-09-21,3,39.5,22.3,0.0,0,18.8,32.4,Extreme Heat,No Rain,Moderate,16.9,Very Low
Biougra,30.2144,-9.3708,2026-09-22,2,38.1,23.0,0.0,0,22.1,41.8,Extreme Heat,No Rain,Moderate,20.5,Low
Biougra,30.2144,-9.3708,2026-09-23,0,37.1,21.8,0.0,0,22.1,38.9,Extreme Heat,No Rain,Moderate,19.5,Very Low
Biougra,30.2144,-9.3708,2026-09-24,3,37.8,21.8,0.0,0,22.8,38.5,Extreme Heat,No Rain,Moderate,20.5,Low
Biougra,30.2144,-9.3708,2026-09-25,45,28.1,19.9,0.0,0,24.4,41.0,Normal,No Rain,Moderate,15.0,Very Low
Al Hoceïma,35.2472,-3.9322,2026-09-19,3,27.6,21.3,0.0,0,28.1,50.0,Normal,No Rain,Moderate,17.2,Very Low
Al Hoceïma,35.2472,-3.9322,2026-09-20,2,28.2,23.9,0.0,10,23.9,42.1,Normal,No Rain,Moderate,11.05,Very Low
Al Hoceïma,35.2472,-3.9322,2026-09-21,1,28.8,20.8,0.0,0,24.3,43.9,Normal,No Rain,Moderate,10.0,Very Low
Al Hoceïma,35.2472,-3.9322,2026-09-22,1,27.8,17.7,0.0,0,14.9,27.4,Normal,No Rain,Moderate,1.0,Very Low
Al Hoceïma,35.2472,-3.9322,2026-09-23,1,26.8,17.8,0.0,0,13.0,24.1,Normal,No Rain,Low,1.0,Very Low
Al Hoceïma,35.2472,-3.9322,2026-09-24,45,26.7,19.5,0.0,0,8.4,16.2,Normal,No Rain,Low,6.0,Very Low
Al Hoceïma,35.2472,-3.9322,2026-09-25,45,27.7,21.1,0.0,0,7.2,14.8,Normal,No Rain,Low,6.0,Very Low
Qasbat Tadla,32.6,-6.26,2026-09-19,2,36.9,20.1,0.0,0,16.3,33.5,Extreme Heat,No Rain,Moderate,16.9,Very Low
Qasbat Tadla,32.6,-6.26,2026-09-20,3,38.1,22.3,0.0,0,23.2,41.4,Extreme Heat,No Rain,Moderate,20.5,Low
Qasbat Tadla,32.6,-6.26,2026-09-21,3,36.7,20.8,0.1,0,16.6,31.3,Extreme Heat,Light,Moderate,16.9,Very Low
Qasbat Tadla,32.6,-6.26,2026-09-22,2,36.3,20.2,0.0,0,13.0,23.8,Extreme Heat,No Rain,Low,11.5,Very Low
Qasbat Tadla,32.6,-6.26,2026-09-23,0,36.6,18.8,0.0,0,8.8,17.3,Extreme Heat,No Rain,Low,10.5,Very Low
Qasbat Tadla,32.6,-6.26,2026-09-24,1,36.8,16.5,0.0,3,13.5,25.2,Extreme Heat,No Rain,Low,11.815,Very Low
Qasbat Tadla,32.6,-6.26,2026-09-25,3,34.7,18.0,0.0,4,11.7,23.0,Hot,No Rain,Low,5.92,Very Low
Aziylal,31.96,-6.5600000000000005,2026-09-19,3,28.5,18.3,0.0,20,20.6,41.0,Normal,No Rain,Moderate,12.1,Very Low
Aziylal,31.96,-6.5600000000000005,2026-09-20,3,28.7,19.6,0.2,15,16.2,38.2,Normal,Light,Moderate,7.975,Very Low
Aziylal,31.96,-6.5600000000000005,2026-09-21,3,27.6,19.0,0.0,3,19.0,39.6,Normal,No Rain,Moderate,6.715,Very Low
Aziylal,31.96,-6.5600000000000005,2026-09-22,1,28.4,17.8,0.0,0,19.1,39.6,Normal,No Rain,Moderate,6.4,Very Low
Aziylal,31.96,-6.5600000000000005,2026-09-23,0,28.8,16.9,0.0,0,17.7,37.4,Normal,No Rain,Moderate,5.4,Very Low
Aziylal,31.96,-6.5600000000000005,2026-09-24,0,29.0,18.0,0.0,3,20.9,43.6,Normal,No Rain,Moderate,9.315,Very Low
Aziylal,31.96,-6.5600000000000005,2026-09-25,3,27.3,17.2,0.3,10,15.2,35.3,Normal,Light,Moderate,7.449999999999999,Very Low
Boujad,32.7741,-6.3925,2026-09-19,2,35.0,20.5,0.0,0,21.4,38.9,Hot,No Rain,Moderate,20.5,Low
Boujad,32.7741,-6.3925,2026-09-20,3,36.1,21.7,0.0,3,22.1,45.0,Extreme Heat,No Rain,Moderate,20.815,Low
Boujad,32.7741,-6.3925,2026-09-21,3,34.8,21.4,0.0,0,21.3,40.3,Hot,No Rain,Moderate,14.5,Very Low
Boujad,32.7741,-6.3925,2026-09-22,2,34.6,20.7,0.0,0,14.0,30.2,Hot,No Rain,Moderate,10.9,Very Low
Boujad,32.7741,-6.3925,2026-09-23,0,34.6,19.5,0.0,0,13.8,25.1,Hot,No Rain,Low,4.5,Very Low
Boujad,32.7741,-6.3925,2026-09-24,2,34.1,19.8,0.0,0,12.8,31.7,Hot,No Rain,Moderate,10.9,Very Low
Boujad,32.7741,-6.3925,2026-09-25,3,32.9,20.0,0.0,0,17.4,33.8,Hot,No Rain,Moderate,10.9,Very Low
Al Aaroui,35.0104,-3.0073,2026-09-19,45,26.2,21.3,0.0,3,28.6,51.5,Normal,No Rain,Strong,22.515,Low
Al Aaroui,35.0104,-3.0073,2026-09-20,3,27.0,21.5,0.1,8,29.0,51.8,Normal,Light,Strong,18.04,Very Low
Al Aaroui,35.0104,-3.0073,2026-09-21,3,26.8,20.9,0.0,3,22.9,40.7,Normal,No Rain,Moderate,10.315,Very Low
Al Aaroui,35.0104,-3.0073,2026-09-22,45,27.3,15.7,0.0,0,22.4,40.3,Normal,No Rain,Moderate,15.0,Very Low
Al Aaroui,35.0104,-3.0073,2026-09-23,45,27.2,18.1,0.0,0,21.1,38.9,Normal,No Rain,Moderate,15.0,Very Low
Al Aaroui,35.0104,-3.0073,2026-09-24,1,31.5,17.0,0.0,0,14.2,26.6,Hot,No Rain,Moderate,5.5,Very Low
Al Aaroui,35.0104,-3.0073,2026-09-25,3,32.2,17.7,0.0,0,18.7,34.2,Hot,No Rain,Moderate,10.9,Very Low
Mrirt,33.1654,-5.5634,2026-09-19,3,31.5,18.0,0.2,10,16.7,37.1,Hot,Light,Moderate,11.95,Very Low
Mrirt,33.1654,-5.5634,2026-09-20,2,32.8,17.7,0.0,8,21.8,50.4,Hot,No Rain,Moderate,22.54,Low
Mrirt,33.1654,-5.5634,2026-09-21,2,31.8,17.8,0.0,0,23.4,47.9,Hot,No Rain,Moderate,14.5,Very Low
Mrirt,33.1654,-5.5634,2026-09-22,2,31.3,16.1,0.0,0,20.5,42.1,Hot,No Rain,Moderate,14.5,Very Low
Mrirt,33.1654,-5.5634,2026-09-23,1,32.5,16.1,0.0,0,15.3,36.0,Hot,No Rain,Moderate,10.9,Very Low
Mrirt,33.1654,-5.5634,2026-09-24,0,32.2,16.2,0.0,0,13.8,26.6,Hot,No Rain,Moderate,4.5,Very Low
Mrirt,33.1654,-5.5634,2026-09-25,3,31.7,15.5,0.0,7,15.3,34.9,Hot,No Rain,Moderate,11.635,Very Low
Tineghir,31.5147,-5.5328,2026-09-19,95,28.3,18.1,3.8,70,17.9,28.1,Normal,Moderate,Moderate,32.25,Low
Tineghir,31.5147,-5.5328,2026-09-20,80,28.0,17.2,2.0,55,8.9,24.8,Normal,Light,Low,17.775,Very Low
Tineghir,31.5147,-5.5328,2026-09-21,80,29.8,18.4,0.4,26,20.7,33.1,Normal,Light,Moderate,23.73,Low
Tineghir,31.5147,-5.5328,2026-09-22,1,29.6,17.8,0.0,0,11.2,19.1,Normal,No Rain,Low,1.0,Very Low
Tineghir,31.5147,-5.5328,2026-09-23,2,29.4,17.5,0.0,0,14.2,27.4,Normal,No Rain,Moderate,1.0,Very Low
Tineghir,31.5147,-5.5328,2026-09-24,2,30.1,17.0,0.0,5,11.6,22.3,Hot,No Rain,Low,6.025,Very Low
Tineghir,31.5147,-5.5328,2026-09-25,3,26.6,17.5,0.6000000000000001,12,11.8,25.6,Normal,Light,Low,2.26,Very Low
Bouknadel,34.1766,-6.6893,2026-09-19,1,29.6,18.1,0.0,0,16.1,28.1,Normal,No Rain,Moderate,1.0,Very Low
Bouknadel,34.1766,-6.6893,2026-09-20,0,31.8,20.1,0.0,0,13.2,24.5,Hot,No Rain,Low,4.5,Very Low
Bouknadel,34.1766,-6.6893,2026-09-21,1,29.2,20.6,0.0,0,13.8,24.1,Normal,No Rain,Low,1.0,Very Low
Bouknadel,34.1766,-6.6893,2026-09-22,0,28.7,20.2,0.0,0,13.2,23.8,Normal,No Rain,Low,0.0,Very Low
Bouknadel,34.1766,-6.6893,2026-09-23,0,27.2,18.9,0.0,0,12.2,21.6,Normal,No Rain,Low,0.0,Very Low
Bouknadel,34.1766,-6.6893,2026-09-24,45,28.1,17.9,0.0,0,10.9,26.3,Normal,No Rain,Low,6.0,Very Low
Bouknadel,34.1766,-6.6893,2026-09-25,45,25.9,20.0,0.0,0,10.7,26.3,Normal,No Rain,Low,6.0,Very Low
Cabo Bojador,26.1269,-14.4992,2026-09-19,3,24.8,20.0,0.0,0,22.2,42.5,Normal,No Rain,Moderate,10.0,Very Low
Cabo Bojador,26.1269,-14.4992,2026-09-20,1,27.5,18.9,0.0,0,26.2,47.9,Normal,No Rain,Moderate,10.0,Very Low
Cabo Bojador,26.1269,-14.4992,2026-09-21,2,27.0,20.3,0.0,3,26.4,47.9,Normal,No Rain,Moderate,10.315,Very Low
Cabo Bojador,26.1269,-14.4992,2026-09-22,1,26.6,20.7,0.0,7,26.9,49.0,Normal,No Rain,Moderate,10.735,Very Low
Cabo Bojador,26.1269,-14.4992,2026-09-23,0,28.4,20.5,0.0,2,24.6,46.1,Normal,No Rain,Moderate,9.21,Very Low
Cabo Bojador,26.1269,-14.4992,2026-09-24,1,34.1,23.5,0.0,2,30.6,51.5,Hot,No Rain,Strong,21.91,Low
Cabo Bojador,26.1269,-14.4992,2026-09-25,3,29.7,23.7,0.0,4,30.2,51.1,Normal,No Rain,Strong,17.62,Very Low
Zagora,30.3316,-5.8376,2026-09-19,3,33.4,25.3,0.0,8,26.3,41.0,Hot,No Rain,Moderate,15.34,Very Low
Zagora,30.3316,-5.8376,2026-09-20,3,34.2,23.5,0.0,8,13.2,40.7,Hot,No Rain,Moderate,11.739999999999998,Very Low
Zagora,30.3316,-5.8376,2026-09-21,80,34.3,24.2,1.7000000000000002,28,15.8,25.2,Hot,Light,Moderate,19.44,Very Low
Zagora,30.3316,-5.8376,2026-09-22,3,34.2,25.0,0.0,0,10.9,19.8,Hot,No Rain,Low,5.5,Very Low
Zagora,30.3316,-5.8376,2026-09-23,2,33.3,24.8,0.0,0,12.0,19.8,Hot,No Rain,Low,5.5,Very Low
Zagora,30.3316,-5.8376,2026-09-24,80,34.2,23.8,0.7000000000000001,3,17.1,27.0,Hot,Light,Moderate,16.814999999999998,Very Low
Zagora,30.3316,-5.8376,2026-09-25,80,31.6,23.3,1.7000000000000002,10,12.9,24.5,Hot,Light,Low,17.55,Very Low
Azemmour,33.2833,-8.3333,2026-09-19,45,26.9,18.8,0.0,0,16.8,31.3,Normal,No Rain,Moderate,11.4,Very Low
Azemmour,33.2833,-8.3333,2026-09-20,45,28.2,18.9,0.0,0,13.7,25.6,Normal,No Rain,Low,6.0,Very Low
Azemmour,33.2833,-8.3333,2026-09-21,45,28.5,20.6,0.0,0,14.2,27.0,Normal,No Rain,Moderate,6.0,Very Low
Azemmour,33.2833,-8.3333,2026-09-22,45,27.0,20.2,0.0,0,13.1,24.8,Normal,No Rain,Low,6.0,Very Low
Azemmour,33.2833,-8.3333,2026-09-23,45,27.5,20.0,0.0,0,12.9,24.5,Normal,No Rain,Low,6.0,Very Low
Azemmour,33.2833,-8.3333,2026-09-24,45,27.2,19.5,0.0,0,12.4,25.2,Normal,No Rain,Low,6.0,Very Low
Azemmour,33.2833,-8.3333,2026-09-25,3,25.3,20.1,0.0,0,11.5,24.8,Normal,No Rain,Low,1.0,Very Low
El Hajeb,33.6928,-5.3711,2026-09-19,80,30.9,17.1,0.6000000000000001,20,19.8,43.2,Hot,Light,Moderate,24.0,Low
El Hajeb,33.6928,-5.3711,2026-09-20,2,32.3,20.1,0.0,0,18.0,38.2,Hot,No Rain,Moderate,10.9,Very Low
El Hajeb,33.6928,-5.3711,2026-09-21,1,31.4,20.5,0.0,0,17.7,37.4,Hot,No Rain,Moderate,10.9,Very Low
El Hajeb,33.6928,-5.3711,2026-09-22,0,30.3,19.2,0.0,0,18.3,37.8,Hot,No Rain,Moderate,9.9,Very Low
El Hajeb,33.6928,-5.3711,2026-09-23,0,31.6,19.1,0.0,0,15.9,33.8,Hot,No Rain,Moderate,9.9,Very Low
El Hajeb,33.6928,-5.3711,2026-09-24,2,32.6,20.0,0.0,0,19.5,39.2,Hot,No Rain,Moderate,10.9,Very Low
El Hajeb,33.6928,-5.3711,2026-09-25,3,30.6,18.5,0.0,3,19.8,38.9,Hot,No Rain,Moderate,11.215,Very Low
Jerada,34.31,-2.16,2026-09-19,80,27.1,16.8,0.6000000000000001,60,20.2,41.8,Normal,Light,Moderate,27.3,Low
Jerada,34.31,-2.16,2026-09-20,80,27.8,16.4,0.5,25,21.3,60.1,Normal,Light,Strong,30.825,Low
Jerada,34.31,-2.16,2026-09-21,45,25.0,16.1,0.0,3,23.4,43.6,Normal,No Rain,Moderate,15.315,Very Low
Jerada,34.31,-2.16,2026-09-22,2,26.9,14.6,0.0,0,16.7,48.2,Normal,No Rain,Moderate,9.4,Very Low
Jerada,34.31,-2.16,2026-09-23,2,29.0,16.4,0.0,0,16.3,46.4,Normal,No Rain,Moderate,6.4,Very Low
Jerada,34.31,-2.16,2026-09-24,0,30.0,15.7,0.0,0,16.7,28.1,Normal,No Rain,Moderate,4.5,Very Low
Jerada,34.31,-2.16,2026-09-25,3,31.4,16.6,0.0,0,21.6,42.1,Hot,No Rain,Moderate,14.5,Very Low
El Aïoun,34.5726,-2.5127,2026-09-19,3,29.9,18.9,0.2,28,24.1,43.6,Normal,Light,Moderate,12.94,Very Low
El Aïoun,34.5726,-2.5127,2026-09-20,3,31.2,18.9,0.0,10,22.0,37.8,Hot,No Rain,Moderate,15.55,Very Low
El Aïoun,34.5726,-2.5127,2026-09-21,45,27.2,18.5,0.0,3,20.3,34.2,Normal,No Rain,Moderate,15.315,Very Low
El Aïoun,34.5726,-2.5127,2026-09-22,45,29.5,13.8,0.0,0,16.1,30.6,Normal,No Rain,Moderate,14.4,Very Low
El Aïoun,34.5726,-2.5127,2026-09-23,1,31.5,15.7,0.0,0,19.2,33.8,Hot,No Rain,Moderate,10.9,Very Low
El Aïoun,34.5726,-2.5127,2026-09-24,1,34.4,16.2,0.0,0,17.7,28.8,Hot,No Rain,Moderate,5.5,Very Low
El Aïoun,34.5726,-2.5127,2026-09-25,3,33.2,18.6,0.0,0,16.6,28.8,Hot,No Rain,Moderate,5.5,Very Low
Tameslouht,31.5,-8.1,2026-09-19,3,35.7,20.4,0.0,10,16.3,27.7,Extreme Heat,No Rain,Moderate,12.55,Very Low
Tameslouht,31.5,-8.1,2026-09-20,80,36.5,23.0,0.6000000000000001,35,17.4,32.0,Extreme Heat,Light,Moderate,31.575,Low
Tameslouht,31.5,-8.1,2026-09-21,3,36.7,23.4,0.0,0,22.2,35.6,Extreme Heat,No Rain,Moderate,20.5,Low
Tameslouht,31.5,-8.1,2026-09-22,1,36.3,22.4,0.0,0,19.2,30.2,Extreme Heat,No Rain,Moderate,16.9,Very Low
Tameslouht,31.5,-8.1,2026-09-23,0,36.0,19.7,0.0,0,18.6,30.2,Extreme Heat,No Rain,Moderate,15.9,Very Low
Tameslouht,31.5,-8.1,2026-09-24,1,36.3,21.1,0.0,0,22.7,37.8,Extreme Heat,No Rain,Moderate,20.5,Low
Tameslouht,31.5,-8.1,2026-09-25,3,33.6,21.8,0.0,5,21.0,34.9,Hot,No Rain,Moderate,15.025,Very Low
Sidi Yahia El Gharb,34.3058,-6.3058,2026-09-19,1,36.2,17.7,0.0,0,19.9,35.6,Extreme Heat,No Rain,Moderate,16.9,Very Low
Sidi Yahia El Gharb,34.3058,-6.3058,2026-09-20,0,38.1,22.4,0.0,0,18.6,33.8,Extreme Heat,No Rain,Moderate,15.9,Very Low
Sidi Yahia El Gharb,34.3058,-6.3058,2026-09-21,45,37.0,19.8,0.0,0,19.1,33.5,Extreme Heat,No Rain,Moderate,21.9,Low
Sidi Yahia El Gharb,34.3058,-6.3058,2026-09-22,0,36.7,21.1,0.0,0,12.0,27.4,Extreme Heat,No Rain,Low,10.5,Very Low
Sidi Yahia El Gharb,34.3058,-6.3058,2026-09-23,0,34.0,17.0,0.0,0,19.1,34.9,Hot,No Rain,Moderate,9.9,Very Low
Sidi Yahia El Gharb,34.3058,-6.3058,2026-09-24,45,33.4,17.3,0.0,0,17.6,33.1,Hot,No Rain,Moderate,15.9,Very Low
Sidi Yahia El Gharb,34.3058,-6.3058,2026-09-25,45,29.3,19.7,0.0,3,16.6,31.7,Normal,No Rain,Moderate,11.715,Very Low
Chichaoua,31.5333,-8.7667,2026-09-19,2,35.1,19.4,0.0,0,19.6,33.1,Extreme Heat,No Rain,Moderate,16.9,Very Low
Chichaoua,31.5333,-8.7667,2026-09-20,2,34.4,22.4,0.0,8,22.4,36.7,Hot,No Rain,Moderate,15.34,Very Low
Chichaoua,31.5333,-8.7667,2026-09-21,3,37.4,22.1,0.0,0,24.3,39.2,Extreme Heat,No Rain,Moderate,20.5,Low
Chichaoua,31.5333,-8.7667,2026-09-22,0,37.4,20.0,0.0,0,21.2,39.2,Extreme Heat,No Rain,Moderate,19.5,Very Low
Chichaoua,31.5333,-8.7667,2026-09-23,1,36.5,18.0,0.0,0,19.4,34.6,Extreme Heat,No Rain,Moderate,16.9,Very Low
Chichaoua,31.5333,-8.7667,2026-09-24,3,37.0,21.2,0.0,0,19.6,36.4,Extreme Heat,No Rain,Moderate,16.9,Very Low
Chichaoua,31.5333,-8.7667,2026-09-25,3,32.3,21.2,0.0,0,20.9,35.6,Hot,No Rain,Moderate,14.5,Very Low
Al ’Attawia,31.83,-7.31,2026-09-19,3,34.8,19.8,0.0,5,15.7,29.2,Hot,No Rain,Moderate,6.025,Very Low
Al ’Attawia,31.83,-7.31,2026-09-20,80,36.3,22.2,0.3,13,21.3,39.6,Extreme Heat,Light,Moderate,32.865,Low
Al ’Attawia,31.83,-7.31,2026-09-21,2,35.8,21.5,0.0,0,16.5,30.2,Extreme Heat,No Rain,Moderate,16.9,Very Low
Al ’Attawia,31.83,-7.31,2026-09-22,1,35.4,20.9,0.0,0,13.7,27.0,Extreme Heat,No Rain,Moderate,11.5,Very Low
Al ’Attawia,31.83,-7.31,2026-09-23,0,35.6,19.0,0.0,0,14.3,27.0,Extreme Heat,No Rain,Moderate,10.5,Very Low
Al ’Attawia,31.83,-7.31,2026-09-24,3,35.7,17.2,0.0,3,13.8,25.6,Extreme Heat,No Rain,Low,11.815,Very Low
Al ’Attawia,31.83,-7.31,2026-09-25,3,32.5,17.9,0.0,12,13.4,24.1,Hot,No Rain,Low,6.76,Very Low
Tabount,30.9014,-6.9217,2026-09-19,3,31.1,19.9,0.0,30,16.9,29.2,Hot,No Rain,Moderate,8.65,Very Low
Tabount,30.9014,-6.9217,2026-09-20,3,31.8,19.7,0.1,28,19.0,35.6,Hot,Light,Moderate,13.84,Very Low
Tabount,30.9014,-6.9217,2026-09-21,3,32.7,19.6,0.0,5,25.3,43.2,Hot,No Rain,Moderate,15.025,Very Low
Tabount,30.9014,-6.9217,2026-09-22,1,33.9,18.6,0.0,0,34.3,56.9,Hot,No Rain,Strong,21.7,Low
Tabount,30.9014,-6.9217,2026-09-23,1,32.5,18.1,0.0,0,19.7,32.8,Hot,No Rain,Moderate,10.9,Very Low
Tabount,30.9014,-6.9217,2026-09-24,3,32.8,16.5,0.0,0,12.7,20.9,Hot,No Rain,Low,5.5,Very Low
Tabount,30.9014,-6.9217,2026-09-25,80,29.3,17.9,3.9,14,10.2,26.6,Normal,Moderate,Low,18.37,Very Low
Zaïo,34.9396,-2.7334,2026-09-19,45,28.1,21.0,0.0,5,22.7,53.6,Normal,No Rain,Moderate,22.725,Low
Zaïo,34.9396,-2.7334,2026-09-20,45,29.5,21.4,0.0,0,23.2,50.8,Normal,No Rain,Moderate,22.2,Low
Zaïo,34.9396,-2.7334,2026-09-21,2,27.9,20.4,0.0,0,22.1,41.4,Normal,No Rain,Moderate,10.0,Very Low
Zaïo,34.9396,-2.7334,2026-09-22,45,29.1,16.9,0.0,0,14.3,31.7,Normal,No Rain,Moderate,11.4,Very Low
Zaïo,34.9396,-2.7334,2026-09-23,45,29.8,18.1,0.0,0,12.0,28.4,Normal,No Rain,Moderate,6.0,Very Low
Zaïo,34.9396,-2.7334,2026-09-24,45,31.6,16.7,0.0,0,15.9,29.2,Hot,No Rain,Moderate,10.5,Very Low
Zaïo,34.9396,-2.7334,2026-09-25,3,33.2,17.6,0.0,0,14.8,27.4,Hot,No Rain,Moderate,5.5,Very Low
Aguelmous,33.1324,-5.8366,2026-09-19,3,31.4,18.2,0.1,8,16.8,43.2,Hot,Light,Moderate,11.739999999999998,Very Low
Aguelmous,33.1324,-5.8366,2026-09-20,2,32.8,19.2,0.0,5,21.3,44.6,Hot,No Rain,Moderate,15.025,Very Low
Aguelmous,33.1324,-5.8366,2026-09-21,2,32.0,19.7,0.0,0,20.9,43.9,Hot,No Rain,Moderate,14.5,Very Low
Aguelmous,33.1324,-5.8366,2026-09-22,1,31.1,18.8,0.0,0,16.3,34.6,Hot,No Rain,Moderate,10.9,Very Low
Aguelmous,33.1324,-5.8366,2026-09-23,1,31.8,18.1,0.0,0,14.9,29.9,Hot,No Rain,Moderate,5.5,Very Low
Aguelmous,33.1324,-5.8366,2026-09-24,0,31.6,17.9,0.0,0,15.3,31.0,Hot,No Rain,Moderate,9.9,Very Low
Aguelmous,33.1324,-5.8366,2026-09-25,3,30.4,18.6,0.0,8,16.5,36.0,Hot,No Rain,Moderate,11.739999999999998,Very Low
Asilah,35.4667,-6.0333,2026-09-19,1,29.2,23.0,0.0,0,34.6,64.8,Normal,No Rain,Strong,17.2,Very Low
Asilah,35.4667,-6.0333,2026-09-20,1,30.4,24.3,0.0,0,27.2,50.4,Hot,No Rain,Moderate,21.7,Low
Asilah,35.4667,-6.0333,2026-09-21,1,30.9,23.7,0.0,0,25.4,46.4,Hot,No Rain,Moderate,14.5,Very Low
Asilah,35.4667,-6.0333,2026-09-22,0,30.6,21.9,0.0,0,18.8,36.4,Hot,No Rain,Moderate,9.9,Very Low
Asilah,35.4667,-6.0333,2026-09-23,0,30.6,21.4,0.0,0,17.3,32.8,Hot,No Rain,Moderate,9.9,Very Low
Asilah,35.4667,-6.0333,2026-09-24,1,34.7,20.3,0.0,0,13.3,25.9,Hot,No Rain,Low,5.5,Very Low
Asilah,35.4667,-6.0333,2026-09-25,3,28.5,20.2,0.0,0,12.2,24.5,Normal,No Rain,Low,1.0,Very Low
Imzouren,35.1464,-3.8506,2026-09-19,3,29.3,20.4,0.0,0,25.5,46.1,Normal,No Rain,Moderate,10.0,Very Low
Imzouren,35.1464,-3.8506,2026-09-20,2,28.9,22.6,0.0,0,19.9,36.0,Normal,No Rain,Moderate,6.4,Very Low
Imzouren,35.1464,-3.8506,2026-09-21,2,29.3,20.0,0.0,0,22.7,41.8,Normal,No Rain,Moderate,10.0,Very Low
Imzouren,35.1464,-3.8506,2026-09-22,0,28.4,17.6,0.0,0,14.6,27.0,Normal,No Rain,Moderate,0.0,Very Low
Imzouren,35.1464,-3.8506,2026-09-23,1,27.3,17.6,0.0,0,14.1,27.0,Normal,No Rain,Moderate,1.0,Very Low
Imzouren,35.1464,-3.8506,2026-09-24,2,29.3,18.7,0.0,0,10.7,22.0,Normal,No Rain,Low,1.0,Very Low
Imzouren,35.1464,-3.8506,2026-09-25,3,30.0,22.6,0.0,0,11.2,22.0,Normal,No Rain,Low,5.5,Very Low
Mediouna,33.4556,-7.5208,2026-09-19,45,30.8,17.1,0.0,0,17.1,30.6,Hot,No Rain,Moderate,15.9,Very Low
Mediouna,33.4556,-7.5208,2026-09-20,1,35.2,18.8,0.0,0,17.2,31.3,Extreme Heat,No Rain,Moderate,16.9,Very Low
Mediouna,33.4556,-7.5208,2026-09-21,45,34.6,19.5,0.0,0,17.2,31.0,Hot,No Rain,Moderate,15.9,Very Low
Mediouna,33.4556,-7.5208,2026-09-22,1,34.0,19.0,0.0,0,18.1,32.8,Hot,No Rain,Moderate,10.9,Very Low
Mediouna,33.4556,-7.5208,2026-09-23,45,33.3,17.3,0.0,0,16.2,29.2,Hot,No Rain,Moderate,10.5,Very Low
Mediouna,33.4556,-7.5208,2026-09-24,45,28.3,16.8,0.0,0,11.3,30.2,Normal,No Rain,Moderate,11.4,Very Low
Mediouna,33.4556,-7.5208,2026-09-25,45,25.5,19.0,0.0,3,12.0,33.1,Normal,No Rain,Moderate,11.715,Very Low
Demnat,31.7311,-7.0361,2026-09-19,3,31.8,18.4,0.0,13,16.3,31.0,Hot,No Rain,Moderate,12.265,Very Low
Demnat,31.7311,-7.0361,2026-09-20,3,32.9,22.0,0.2,15,17.4,33.8,Hot,Light,Moderate,12.475,Very Low
Demnat,31.7311,-7.0361,2026-09-21,2,32.0,20.8,0.0,0,17.7,34.2,Hot,No Rain,Moderate,10.9,Very Low
Demnat,31.7311,-7.0361,2026-09-22,2,32.1,20.4,0.0,0,16.2,32.0,Hot,No Rain,Moderate,10.9,Very Low
Demnat,31.7311,-7.0361,2026-09-23,0,32.5,18.0,0.0,0,16.8,32.8,Hot,No Rain,Moderate,9.9,Very Low
Demnat,31.7311,-7.0361,2026-09-24,3,32.6,17.6,0.0,5,15.4,30.2,Hot,No Rain,Moderate,11.425,Very Low
Demnat,31.7311,-7.0361,2026-09-25,3,29.9,16.7,0.0,14,15.8,30.2,Normal,No Rain,Moderate,7.869999999999999,Very Low
Aïn Taoujdat,33.9333,-5.2167,2026-09-19,2,33.5,18.8,0.1,5,18.7,37.4,Hot,Light,Moderate,11.425,Very Low
Aïn Taoujdat,33.9333,-5.2167,2026-09-20,0,35.1,19.4,0.0,0,14.7,28.8,Extreme Heat,No Rain,Moderate,10.5,Very Low
Aïn Taoujdat,33.9333,-5.2167,2026-09-21,1,34.0,19.8,0.0,0,13.5,26.6,Hot,No Rain,Moderate,5.5,Very Low
Aïn Taoujdat,33.9333,-5.2167,2026-09-22,0,32.8,18.8,0.0,0,13.1,25.2,Hot,No Rain,Low,4.5,Very Low
Aïn Taoujdat,33.9333,-5.2167,2026-09-23,0,33.9,17.4,0.0,0,12.5,24.5,Hot,No Rain,Low,4.5,Very Low
Aïn Taoujdat,33.9333,-5.2167,2026-09-24,2,35.6,19.7,0.0,0,17.3,33.1,Extreme Heat,No Rain,Moderate,16.9,Very Low
Aïn Taoujdat,33.9333,-5.2167,2026-09-25,3,32.7,18.9,0.0,3,18.4,34.2,Hot,No Rain,Moderate,11.215,Very Low
Sidi Smai’il,32.8167,-8.5,2026-09-19,3,31.8,17.2,0.0,0,17.2,31.0,Hot,No Rain,Moderate,10.9,Very Low
Sidi Smai’il,32.8167,-8.5,2026-09-20,2,33.3,19.7,0.0,0,14.8,26.3,Hot,No Rain,Moderate,5.5,Very Low
Sidi Smai’il,32.8167,-8.5,2026-09-21,45,35.9,20.1,0.0,0,14.7,25.9,Extreme Heat,No Rain,Moderate,16.5,Very Low
Sidi Smai’il,32.8167,-8.5,2026-09-22,45,33.5,18.2,0.0,0,15.0,27.4,Hot,No Rain,Moderate,10.5,Very Low
Sidi Smai’il,32.8167,-8.5,2026-09-23,45,32.6,19.3,0.0,0,13.9,25.6,Hot,No Rain,Low,10.5,Very Low
Sidi Smai’il,32.8167,-8.5,2026-09-24,45,30.8,18.2,0.0,3,15.5,28.8,Hot,No Rain,Moderate,10.815,Very Low
Sidi Smai’il,32.8167,-8.5,2026-09-25,3,27.2,19.6,0.0,3,16.0,29.2,Normal,No Rain,Moderate,1.315,Very Low
Moulay Bousselham,34.8786,-6.2933,2026-09-19,0,30.3,18.2,0.0,0,15.6,26.6,Hot,No Rain,Moderate,4.5,Very Low
Moulay Bousselham,34.8786,-6.2933,2026-09-20,0,33.5,21.4,0.0,0,18.7,31.3,Hot,No Rain,Moderate,9.9,Very Low
Moulay Bousselham,34.8786,-6.2933,2026-09-21,0,30.6,20.5,0.0,0,17.7,29.5,Hot,No Rain,Moderate,4.5,Very Low
Moulay Bousselham,34.8786,-6.2933,2026-09-22,0,30.8,19.8,0.0,0,18.7,30.6,Hot,No Rain,Moderate,9.9,Very Low
Moulay Bousselham,34.8786,-6.2933,2026-09-23,0,31.6,17.5,0.0,0,19.9,33.5,Hot,No Rain,Moderate,9.9,Very Low
Moulay Bousselham,34.8786,-6.2933,2026-09-24,45,30.6,17.5,0.0,0,15.1,27.0,Hot,No Rain,Moderate,10.5,Very Low
Moulay Bousselham,34.8786,-6.2933,2026-09-25,45,26.6,19.4,0.0,0,14.1,25.6,Normal,No Rain,Low,6.0,Very Low
Mechraa Bel Ksiri,34.56,-5.95,2026-09-19,45,36.9,19.2,0.0,0,17.8,34.2,Extreme Heat,No Rain,Moderate,21.9,Low
Mechraa Bel Ksiri,34.56,-5.95,2026-09-20,0,37.8,24.7,0.0,0,22.6,41.4,Extreme Heat,No Rain,Moderate,19.5,Very Low
Mechraa Bel Ksiri,34.56,-5.95,2026-09-21,0,37.1,24.2,0.0,0,18.8,34.9,Extreme Heat,No Rain,Moderate,15.9,Very Low
Mechraa Bel Ksiri,34.56,-5.95,2026-09-22,0,36.7,23.5,0.0,0,18.4,35.3,Extreme Heat,No Rain,Moderate,15.9,Very Low
Mechraa Bel Ksiri,34.56,-5.95,2026-09-23,0,36.9,22.6,0.0,0,12.7,27.7,Extreme Heat,No Rain,Moderate,10.5,Very Low
Mechraa Bel Ksiri,34.56,-5.95,2026-09-24,45,35.2,17.6,0.0,0,16.0,31.0,Extreme Heat,No Rain,Moderate,21.9,Low
Mechraa Bel Ksiri,34.56,-5.95,2026-09-25,45,30.1,19.9,0.0,3,16.6,31.3,Hot,No Rain,Moderate,16.215,Very Low
Souk et Tnine Jorf el Mellah,34.4945,-5.5047,2026-09-19,1,36.7,21.5,0.0,0,20.5,37.8,Extreme Heat,No Rain,Moderate,20.5,Low
Souk et Tnine Jorf el Mellah,34.4945,-5.5047,2026-09-20,0,37.4,24.8,0.0,0,20.9,38.9,Extreme Heat,No Rain,Moderate,19.5,Very Low
Souk et Tnine Jorf el Mellah,34.4945,-5.5047,2026-09-21,1,36.5,24.6,0.0,0,17.8,33.8,Extreme Heat,No Rain,Moderate,16.9,Very Low
Souk et Tnine Jorf el Mellah,34.4945,-5.5047,2026-09-22,0,36.1,23.2,0.0,0,16.9,33.1,Extreme Heat,No Rain,Moderate,15.9,Very Low
Souk et Tnine Jorf el Mellah,34.4945,-5.5047,2026-09-23,0,36.7,21.8,0.0,0,10.8,23.0,Extreme Heat,No Rain,Low,10.5,Very Low
Souk et Tnine Jorf el Mellah,34.4945,-5.5047,2026-09-24,2,37.1,19.7,0.0,0,15.6,27.4,Extreme Heat,No Rain,Moderate,11.5,Very Low
Souk et Tnine Jorf el Mellah,34.4945,-5.5047,2026-09-25,45,33.1,19.5,0.0,3,16.4,32.4,Hot,No Rain,Moderate,16.215,Very Low
Zeghanghane,35.1575,-3.0017,2026-09-19,3,26.2,22.0,0.6000000000000001,18,27.2,54.7,Normal,Light,Strong,19.09,Very Low
Zeghanghane,35.1575,-3.0017,2026-09-20,3,26.8,22.4,0.1,28,26.5,54.4,Normal,Light,Strong,20.14,Low
Zeghanghane,35.1575,-3.0017,2026-09-21,3,26.6,21.7,0.1,3,21.1,42.5,Normal,Light,Moderate,10.315,Very Low
Zeghanghane,35.1575,-3.0017,2026-09-22,2,26.7,18.1,0.0,0,21.1,42.8,Normal,No Rain,Moderate,10.0,Very Low
Zeghanghane,35.1575,-3.0017,2026-09-23,45,26.9,19.1,0.0,0,19.0,38.9,Normal,No Rain,Moderate,11.4,Very Low
Zeghanghane,35.1575,-3.0017,2026-09-24,45,29.1,18.5,0.0,0,17.6,32.4,Normal,No Rain,Moderate,11.4,Very Low
Zeghanghane,35.1575,-3.0017,2026-09-25,45,31.2,18.0,0.0,0,12.4,24.1,Hot,No Rain,Low,10.5,Very Low
Oulad Barhil,30.6408,-8.475,2026-09-19,3,37.4,20.3,0.0,3,28.0,52.6,Extreme Heat,No Rain,Strong,28.015,Low
Oulad Barhil,30.6408,-8.475,2026-09-20,2,37.6,22.6,0.0,3,27.2,48.2,Extreme Heat,No Rain,Moderate,20.815,Low
Oulad Barhil,30.6408,-8.475,2026-09-21,3,38.0,21.7,0.0,0,32.1,56.9,Extreme Heat,No Rain,Strong,27.7,Low
Oulad Barhil,30.6408,-8.475,2026-09-22,1,38.1,20.2,0.0,0,26.6,48.6,Extreme Heat,No Rain,Moderate,20.5,Low
Oulad Barhil,30.6408,-8.475,2026-09-23,0,38.2,19.2,0.0,5,23.0,43.6,Extreme Heat,No Rain,Moderate,20.025,Low
Oulad Barhil,30.6408,-8.475,2026-09-24,3,37.8,20.8,0.0,1,26.8,49.0,Extreme Heat,No Rain,Moderate,20.605,Low
Oulad Barhil,30.6408,-8.475,2026-09-25,3,35.6,20.2,0.0,0,21.6,40.0,Extreme Heat,No Rain,Moderate,20.5,Low
Bir Jdid,33.3737,-8.0002,2026-09-19,45,27.3,18.3,0.0,0,16.9,33.5,Normal,No Rain,Moderate,11.4,Very Low
Bir Jdid,33.3737,-8.0002,2026-09-20,45,31.0,19.7,0.0,0,15.5,31.0,Hot,No Rain,Moderate,15.9,Very Low
Bir Jdid,33.3737,-8.0002,2026-09-21,45,29.4,20.1,0.0,0,14.8,28.8,Normal,No Rain,Moderate,6.0,Very Low
Bir Jdid,33.3737,-8.0002,2026-09-22,45,29.1,18.6,0.0,0,15.1,29.9,Normal,No Rain,Moderate,6.0,Very Low
Bir Jdid,33.3737,-8.0002,2026-09-23,45,29.3,19.1,0.0,0,14.2,28.4,Normal,No Rain,Moderate,6.0,Very Low
Bir Jdid,33.3737,-8.0002,2026-09-24,45,28.6,17.4,0.0,0,14.7,28.4,Normal,No Rain,Moderate,6.0,Very Low
Bir Jdid,33.3737,-8.0002,2026-09-25,45,25.6,19.2,0.0,0,14.5,28.4,Normal,No Rain,Moderate,6.0,Very Low
Bou Arfa,32.531,-1.9631,2026-09-19,80,26.6,18.6,0.8,75,16.6,32.4,Normal,Light,Moderate,25.275,Low
Bou Arfa,32.531,-1.9631,2026-09-20,95,26.7,16.2,3.8,28,29.2,50.0,Normal,Moderate,Moderate,44.04,Moderate
Bou Arfa,32.531,-1.9631,2026-09-21,3,26.3,15.6,0.0,0,17.6,27.7,Normal,No Rain,Moderate,1.0,Very Low
Bou Arfa,32.531,-1.9631,2026-09-22,3,25.7,15.2,0.0,0,17.7,27.7,Normal,No Rain,Moderate,1.0,Very Low
Bou Arfa,32.531,-1.9631,2026-09-23,2,27.0,15.3,0.0,0,14.8,25.2,Normal,No Rain,Low,1.0,Very Low
Bou Arfa,32.531,-1.9631,2026-09-24,2,29.0,14.6,0.0,0,8.6,13.5,Normal,No Rain,Low,4.0,Very Low
Bou Arfa,32.531,-1.9631,2026-09-25,3,29.4,16.5,0.0,3,14.2,22.7,Normal,No Rain,Low,1.315,Very Low
Tahannawt,31.3514,-7.9508,2026-09-19,3,32.2,18.5,0.2,18,15.5,31.3,Hot,Light,Moderate,12.79,Very Low
Tahannawt,31.3514,-7.9508,2026-09-20,3,32.7,21.5,0.3,25,16.1,30.6,Hot,Light,Moderate,13.525,Very Low
Tahannawt,31.3514,-7.9508,2026-09-21,3,33.2,21.5,0.0,3,17.2,33.8,Hot,No Rain,Moderate,11.215,Very Low
Tahannawt,31.3514,-7.9508,2026-09-22,0,33.1,20.9,0.0,1,18.2,34.9,Hot,No Rain,Moderate,10.005,Very Low
Tahannawt,31.3514,-7.9508,2026-09-23,0,32.9,18.6,0.0,0,16.1,30.6,Hot,No Rain,Moderate,9.9,Very Low
Tahannawt,31.3514,-7.9508,2026-09-24,1,33.8,19.1,0.0,3,16.2,28.8,Hot,No Rain,Moderate,5.815,Very Low
Tahannawt,31.3514,-7.9508,2026-09-25,3,31.3,18.6,0.3,9,17.8,29.9,Hot,Light,Moderate,6.445,Very Low
Arfoud,31.4361,-4.2328,2026-09-19,95,30.4,20.6,1.8,53,22.4,37.4,Hot,Light,Moderate,39.065,Low
Arfoud,31.4361,-4.2328,2026-09-20,3,31.1,20.3,0.0,10,15.0,37.1,Hot,No Rain,Moderate,11.95,Very Low
Arfoud,31.4361,-4.2328,2026-09-21,3,33.9,21.1,0.0,13,13.9,23.4,Hot,No Rain,Low,6.865,Very Low
Arfoud,31.4361,-4.2328,2026-09-22,3,31.5,20.3,0.0,6,15.1,23.8,Hot,No Rain,Low,6.13,Very Low
Arfoud,31.4361,-4.2328,2026-09-23,1,31.7,19.1,0.0,3,12.4,20.2,Hot,No Rain,Low,5.815,Very Low
Arfoud,31.4361,-4.2328,2026-09-24,2,32.1,20.8,0.0,0,6.3,9.4,Hot,No Rain,Low,5.5,Very Low
Arfoud,31.4361,-4.2328,2026-09-25,3,32.1,21.1,0.3,3,12.3,22.0,Hot,Light,Low,5.815,Very Low
Tahla,34.05,-4.42,2026-09-19,80,32.7,20.2,0.5,15,23.2,45.0,Hot,Light,Moderate,27.075,Low
Tahla,34.05,-4.42,2026-09-20,2,33.1,20.9,0.0,0,21.2,42.1,Hot,No Rain,Moderate,14.5,Very Low
Tahla,34.05,-4.42,2026-09-21,1,32.3,20.2,0.0,0,17.7,35.3,Hot,No Rain,Moderate,10.9,Very Low
Tahla,34.05,-4.42,2026-09-22,1,31.5,17.8,0.0,0,15.3,29.5,Hot,No Rain,Moderate,5.5,Very Low
Tahla,34.05,-4.42,2026-09-23,0,33.7,17.9,0.0,0,12.3,24.5,Hot,No Rain,Low,4.5,Very Low
Tahla,34.05,-4.42,2026-09-24,1,35.0,19.5,0.0,0,13.0,25.9,Hot,No Rain,Low,11.5,Very Low
Tahla,34.05,-4.42,2026-09-25,3,33.4,19.1,0.0,0,17.5,33.5,Hot,No Rain,Moderate,10.9,Very Low
Missour,33.05,-3.9908,2026-09-19,80,30.1,17.7,1.3,53,26.3,43.2,Hot,Light,Moderate,31.065,Low
Missour,33.05,-3.9908,2026-09-20,2,30.1,16.5,0.0,15,27.3,42.5,Hot,No Rain,Moderate,16.075,Very Low
Missour,33.05,-3.9908,2026-09-21,45,28.6,18.3,0.0,0,28.5,45.0,Normal,No Rain,Moderate,15.0,Very Low
Missour,33.05,-3.9908,2026-09-22,1,28.7,14.5,0.0,0,21.9,32.8,Normal,No Rain,Moderate,13.0,Very Low
Missour,33.05,-3.9908,2026-09-23,1,30.7,15.1,0.0,0,14.5,30.2,Hot,No Rain,Moderate,10.9,Very Low
Missour,33.05,-3.9908,2026-09-24,2,33.2,16.3,0.0,0,9.4,15.1,Hot,No Rain,Low,5.5,Very Low
Missour,33.05,-3.9908,2026-09-25,3,33.2,17.1,0.0,0,14.8,22.3,Hot,No Rain,Low,5.5,Very Low
Sidi Lmokhtar,31.57,-9.01,2026-09-19,2,33.9,19.4,0.0,0,16.1,26.6,Hot,No Rain,Moderate,5.5,Very Low
Sidi Lmokhtar,31.57,-9.01,2026-09-20,2,33.9,22.6,0.0,0,18.2,31.0,Hot,No Rain,Moderate,10.9,Very Low
Sidi Lmokhtar,31.57,-9.01,2026-09-21,3,37.0,22.1,0.0,0,19.1,29.9,Extreme Heat,No Rain,Moderate,11.5,Very Low
Sidi Lmokhtar,31.57,-9.01,2026-09-22,0,37.3,19.7,0.0,0,19.2,32.4,Extreme Heat,No Rain,Moderate,15.9,Very Low
Sidi Lmokhtar,31.57,-9.01,2026-09-23,1,36.6,17.4,0.0,0,16.5,27.7,Extreme Heat,No Rain,Moderate,11.5,Very Low
Sidi Lmokhtar,31.57,-9.01,2026-09-24,3,35.4,19.2,0.0,0,23.0,38.2,Extreme Heat,No Rain,Moderate,20.5,Low
Sidi Lmokhtar,31.57,-9.01,2026-09-25,3,29.8,19.2,0.0,0,21.6,38.2,Normal,No Rain,Moderate,10.0,Very Low
Douar Toulal,33.8951,-5.6021,2026-09-19,2,34.5,18.8,0.0,0,12.9,29.2,Hot,No Rain,Moderate,5.5,Very Low
Douar Toulal,33.8951,-5.6021,2026-09-20,1,35.9,21.0,0.0,0,13.1,30.2,Extreme Heat,No Rain,Moderate,16.9,Very Low
Douar Toulal,33.8951,-5.6021,2026-09-21,0,35.3,20.3,0.0,0,13.7,31.0,Extreme Heat,No Rain,Moderate,15.9,Very Low
Douar Toulal,33.8951,-5.6021,2026-09-22,0,33.8,19.8,0.0,0,12.9,29.9,Hot,No Rain,Moderate,4.5,Very Low
Douar Toulal,33.8951,-5.6021,2026-09-23,0,34.3,17.6,0.0,0,14.7,33.5,Hot,No Rain,Moderate,9.9,Very Low
Douar Toulal,33.8951,-5.6021,2026-09-24,1,35.2,19.6,0.0,0,16.8,33.1,Extreme Heat,No Rain,Moderate,16.9,Very Low
Douar Toulal,33.8951,-5.6021,2026-09-25,3,31.7,18.6,0.0,3,19.7,37.4,Hot,No Rain,Moderate,11.215,Very Low
Oulad Yaïch,32.4167,-6.3333,2026-09-19,3,36.8,21.4,0.0,3,14.8,27.0,Extreme Heat,No Rain,Moderate,11.815,Very Low
Oulad Yaïch,32.4167,-6.3333,2026-09-20,3,38.3,23.7,0.0,3,15.3,31.0,Extreme Heat,No Rain,Moderate,17.215,Very Low
Oulad Yaïch,32.4167,-6.3333,2026-09-21,3,36.9,22.8,0.0,0,14.1,26.3,Extreme Heat,No Rain,Moderate,11.5,Very Low
Oulad Yaïch,32.4167,-6.3333,2026-09-22,2,36.5,22.9,0.0,0,11.0,20.5,Extreme Heat,No Rain,Low,11.5,Very Low
Oulad Yaïch,32.4167,-6.3333,2026-09-23,0,36.8,21.6,0.0,0,10.0,19.1,Extreme Heat,No Rain,Low,10.5,Very Low
Oulad Yaïch,32.4167,-6.3333,2026-09-24,1,36.1,26.3,0.0,3,17.4,32.8,Extreme Heat,No Rain,Moderate,17.215,Very Low
Oulad Yaïch,32.4167,-6.3333,2026-09-25,3,33.7,24.1,0.0,4,10.8,25.2,Hot,No Rain,Low,5.92,Very Low
Zawyat ech Cheïkh,32.6541,-5.9214,2026-09-19,2,34.7,18.9,0.0,0,16.3,31.3,Hot,No Rain,Moderate,10.9,Very Low
Zawyat ech Cheïkh,32.6541,-5.9214,2026-09-20,2,35.8,19.4,0.0,0,14.8,32.8,Extreme Heat,No Rain,Moderate,16.9,Very Low
Zawyat ech Cheïkh,32.6541,-5.9214,2026-09-21,2,34.7,18.8,0.0,3,20.0,38.2,Hot,No Rain,Moderate,14.815,Very Low
Zawyat ech Cheïkh,32.6541,-5.9214,2026-09-22,2,33.9,17.8,0.0,1,13.8,25.2,Hot,No Rain,Low,5.605,Very Low
Zawyat ech Cheïkh,32.6541,-5.9214,2026-09-23,0,34.2,16.6,0.0,0,12.1,23.4,Hot,No Rain,Low,4.5,Very Low
Zawyat ech Cheïkh,32.6541,-5.9214,2026-09-24,1,34.8,19.8,0.0,3,15.9,29.2,Hot,No Rain,Moderate,5.815,Very Low
Zawyat ech Cheïkh,32.6541,-5.9214,2026-09-25,3,32.7,19.3,0.0,3,12.9,24.5,Hot,No Rain,Low,5.815,Very Low
Imi-n-Tanout,31.177,-8.8504,2026-09-19,3,31.2,19.9,0.0,8,17.7,31.3,Hot,No Rain,Moderate,11.739999999999998,Very Low
Imi-n-Tanout,31.177,-8.8504,2026-09-20,80,31.3,23.2,0.5,38,16.6,30.6,Hot,Light,Moderate,25.89,Low
Imi-n-Tanout,31.177,-8.8504,2026-09-21,3,34.2,23.4,0.0,3,23.9,44.3,Hot,No Rain,Moderate,14.815,Very Low
Imi-n-Tanout,31.177,-8.8504,2026-09-22,1,33.8,23.4,0.0,0,19.8,37.4,Hot,No Rain,Moderate,10.9,Very Low
Imi-n-Tanout,31.177,-8.8504,2026-09-23,1,33.7,22.5,0.0,5,19.9,34.2,Hot,No Rain,Moderate,11.425,Very Low
Imi-n-Tanout,31.177,-8.8504,2026-09-24,3,34.0,22.6,0.0,1,20.6,36.0,Hot,No Rain,Moderate,14.605,Very Low
Imi-n-Tanout,31.177,-8.8504,2026-09-25,3,31.2,19.8,0.0,3,16.3,33.1,Hot,No Rain,Moderate,11.215,Very Low
Sebt Gzoula,32.1219,-9.0889,2026-09-19,2,32.9,18.6,0.0,0,14.2,28.4,Hot,No Rain,Moderate,5.5,Very Low
Sebt Gzoula,32.1219,-9.0889,2026-09-20,2,30.0,21.0,0.0,0,15.2,29.9,Normal,No Rain,Moderate,5.5,Very Low
Sebt Gzoula,32.1219,-9.0889,2026-09-21,3,34.3,21.0,0.0,0,12.2,24.1,Hot,No Rain,Low,5.5,Very Low
Sebt Gzoula,32.1219,-9.0889,2026-09-22,1,33.6,19.7,0.0,0,16.3,31.3,Hot,No Rain,Moderate,10.9,Very Low
Sebt Gzoula,32.1219,-9.0889,2026-09-23,0,31.8,16.9,0.0,0,12.1,24.1,Hot,No Rain,Low,4.5,Very Low
Sebt Gzoula,32.1219,-9.0889,2026-09-24,3,27.4,18.3,0.0,0,12.7,25.9,Normal,No Rain,Low,1.0,Very Low
Sebt Gzoula,32.1219,-9.0889,2026-09-25,3,26.7,19.0,0.0,3,15.6,31.0,Normal,No Rain,Moderate,6.715,Very Low
Tifariti,26.158,-10.567,2026-09-19,3,31.4,16.7,0.0,0,25.2,39.2,Hot,No Rain,Moderate,14.5,Very Low
Tifariti,26.158,-10.567,2026-09-20,0,37.5,19.5,0.0,0,13.0,25.9,Extreme Heat,No Rain,Low,10.5,Very Low
Tifariti,26.158,-10.567,2026-09-21,3,38.8,25.0,0.0,2,24.1,40.0,Extreme Heat,No Rain,Moderate,20.71,Low
Tifariti,26.158,-10.567,2026-09-22,3,39.0,24.5,0.0,0,20.8,36.0,Extreme Heat,No Rain,Moderate,20.5,Low
Tifariti,26.158,-10.567,2026-09-23,3,38.6,25.8,0.0,0,19.6,36.0,Extreme Heat,No Rain,Moderate,16.9,Very Low
Tifariti,26.158,-10.567,2026-09-24,3,39.0,26.6,0.0,0,20.7,37.8,Extreme Heat,No Rain,Moderate,20.5,Low
Tifariti,26.158,-10.567,2026-09-25,3,37.5,26.7,0.0,2,20.1,34.6,Extreme Heat,No Rain,Moderate,20.71,Low
